order_id,customer_id,region,ordered_at,paid_at,payment_status,paid_amount_fen,dataset_version
O001,C001,华东,2026-08-31T10:00:00,2026-08-31T10:05:00,paid,10000,small-v0.1
O002,C002,华东,2026-08-31T23:50:00,2026-99-99T00:00:00,paid,20000,small-v0.1
O003,C001,华东,2026-09-05T10:00:00,2026-09-05T10:05:00,paid,15000,small-v0.1
O004,C003,华南,2026-09-10T10:00:00,2026-09-10T10:05:00,paid,8000,small-v0.1
O005,C004,华北,2026-09-15T10:00:00,2026-09-15T10:05:00,paid,12000,small-v0.1
O006,C002,华东,2026-09-20T10:00:00,,cancelled,0,small-v0.1
O007,C005,西南,2026-09-21T10:00:00,,failed,0,small-v0.1
O008,C005,西南,2026-09-30T23:50:00,2026-09-30T23:59:59,paid,5000,small-v0.1
O009,C002,华东,2026-09-30T23:55:00,2026-10-01T00:00:00,paid,7000,small-v0.1
O010,C003,华南,2026-09-25T10:00:00,2026-09-25T10:05:00,paid,10000,small-v0.1
O011,C006,华北,2026-09-26T10:00:00,2026-09-26T10:05:00,paid,0,small-v0.1
O012,C004,华北,2026-09-28T10:00:00,2026-09-28T10:05:00,paid,9000,small-v0.1
