customer_id,customer_type,created_at,dataset_version
C00001,returning,2025-01-26T18:51:06,demo-v1.1
C00002,returning,2024-10-24T16:51:30,demo-v1.1
C00003,returning,2024-05-30T15:52:41,demo-v1.1
C00004,new,2024-08-30T21:50:04,demo-v1.1
C00005,returning,2025-01-09T17:33:40,demo-v1.1
C00006,returning,2024-03-10T18:28:57,demo-v1.1
C00007,returning,2024-01-10T11:20:07,demo-v1.1
C00008,new,2025-05-28T21:13:37,demo-v1.1
C00009,returning,2025-08-29T15:23:35,demo-v1.1
C00010,returning,2025-04-15T16:12:45,demo-v1.1
C00011,returning,2025-05-27T16:18:30,demo-v1.1
C00012,new,2025-11-19T04:49:10,demo-v1.1
C00013,returning,2025-12-15T02:01:02,demo-v1.1
C00014,returning,2024-07-09T17:40:37,demo-v1.1
C00015,returning,2025-03-20T04:33:33,demo-v1.1
C00016,new,2024-07-10T09:15:05,demo-v1.1
C00017,returning,2025-10-13T11:28:30,demo-v1.1
C00018,returning,2025-05-19T05:17:23,demo-v1.1
C00019,returning,2024-01-10T04:45:42,demo-v1.1
C00020,new,2025-05-29T19:48:25,demo-v1.1
C00021,returning,2025-03-31T16:37:16,demo-v1.1
C00022,returning,2025-12-12T13:32:51,demo-v1.1
C00023,returning,2024-10-28T07:23:17,demo-v1.1
C00024,new,2025-03-19T16:00:23,demo-v1.1
C00025,returning,2024-07-12T01:36:06,demo-v1.1
C00026,returning,2025-08-14T13:38:21,demo-v1.1
C00027,returning,2024-01-22T15:12:10,demo-v1.1
C00028,new,2024-09-20T19:00:24,demo-v1.1
C00029,returning,2025-08-12T08:52:41,demo-v1.1
C00030,returning,2024-12-07T15:50:52,demo-v1.1
C00031,returning,2025-10-04T17:47:42,demo-v1.1
C00032,new,2025-12-07T17:40:40,demo-v1.1
C00033,returning,2024-07-24T00:31:01,demo-v1.1
C00034,returning,2024-07-07T05:54:35,demo-v1.1
C00035,returning,2024-05-19T20:29:46,demo-v1.1
C00036,new,2024-07-04T03:18:24,demo-v1.1
C00037,returning,2024-05-03T22:32:57,demo-v1.1
C00038,returning,2025-03-28T02:40:04,demo-v1.1
C00039,returning,2024-03-02T06:04:30,demo-v1.1
C00040,new,2024-09-15T12:19:51,demo-v1.1
C00041,returning,2024-08-21T23:11:02,demo-v1.1
C00042,returning,2024-07-19T05:53:13,demo-v1.1
C00043,returning,2024-05-14T11:00:26,demo-v1.1
C00044,new,2025-10-09T14:55:30,demo-v1.1
C00045,returning,2025-06-13T19:23:10,demo-v1.1
C00046,returning,2024-11-07T22:09:24,demo-v1.1
C00047,returning,2025-09-24T05:30:12,demo-v1.1
C00048,new,2025-09-17T00:39:31,demo-v1.1
C00049,returning,2024-04-08T20:29:45,demo-v1.1
C00050,returning,2025-03-13T05:12:47,demo-v1.1
C00051,returning,2025-10-10T10:57:59,demo-v1.1
C00052,new,2025-07-20T17:46:11,demo-v1.1
C00053,returning,2025-07-16T18:56:57,demo-v1.1
C00054,returning,2024-04-17T21:30:43,demo-v1.1
C00055,returning,2024-03-01T05:26:31,demo-v1.1
C00056,new,2024-03-02T09:41:15,demo-v1.1
C00057,returning,2025-06-20T08:34:44,demo-v1.1
C00058,returning,2024-05-07T17:28:16,demo-v1.1
C00059,returning,2024-09-27T09:25:02,demo-v1.1
C00060,new,2025-03-06T23:56:13,demo-v1.1
C00061,returning,2024-09-16T04:45:55,demo-v1.1
C00062,returning,2024-11-29T04:51:09,demo-v1.1
C00063,returning,2025-05-16T02:33:50,demo-v1.1
C00064,new,2025-03-06T02:59:33,demo-v1.1
C00065,returning,2024-03-30T02:10:55,demo-v1.1
C00066,returning,2024-01-30T08:53:29,demo-v1.1
C00067,returning,2025-07-03T11:55:40,demo-v1.1
C00068,new,2024-03-13T20:10:01,demo-v1.1
C00069,returning,2025-03-10T02:23:12,demo-v1.1
C00070,returning,2025-10-13T12:39:02,demo-v1.1
C00071,returning,2024-10-15T17:24:35,demo-v1.1
C00072,new,2024-05-28T15:21:50,demo-v1.1
C00073,returning,2024-10-22T15:38:27,demo-v1.1
C00074,returning,2024-09-11T07:29:06,demo-v1.1
C00075,returning,2024-11-02T05:34:30,demo-v1.1
C00076,new,2024-11-28T05:51:10,demo-v1.1
C00077,returning,2025-08-11T00:42:04,demo-v1.1
C00078,returning,2024-01-02T15:02:24,demo-v1.1
C00079,returning,2025-01-04T05:59:48,demo-v1.1
C00080,new,2024-08-10T19:57:36,demo-v1.1
C00081,returning,2025-08-28T23:41:14,demo-v1.1
C00082,returning,2024-06-29T10:47:52,demo-v1.1
C00083,returning,2024-09-06T06:24:39,demo-v1.1
C00084,new,2025-01-05T11:39:13,demo-v1.1
C00085,returning,2025-07-21T21:09:27,demo-v1.1
C00086,returning,2024-06-10T02:30:48,demo-v1.1
C00087,returning,2024-06-05T08:53:33,demo-v1.1
C00088,new,2024-10-03T06:52:00,demo-v1.1
C00089,returning,2024-02-08T02:25:19,demo-v1.1
C00090,returning,2024-08-14T01:45:49,demo-v1.1
C00091,returning,2025-04-11T02:38:02,demo-v1.1
C00092,new,2024-06-02T17:23:53,demo-v1.1
C00093,returning,2024-05-19T03:50:22,demo-v1.1
C00094,returning,2024-04-25T17:35:15,demo-v1.1
C00095,returning,2025-07-14T07:47:49,demo-v1.1
C00096,new,2025-10-10T05:38:14,demo-v1.1
C00097,returning,2024-04-14T17:33:08,demo-v1.1
C00098,returning,2024-11-07T08:24:17,demo-v1.1
C00099,returning,2025-11-23T11:24:32,demo-v1.1
C00100,new,2024-12-29T20:37:24,demo-v1.1
C00101,returning,2025-01-08T17:48:03,demo-v1.1
C00102,returning,2024-01-30T01:17:14,demo-v1.1
C00103,returning,2024-04-11T15:25:45,demo-v1.1
C00104,new,2024-01-08T02:40:10,demo-v1.1
C00105,returning,2024-10-07T06:43:31,demo-v1.1
C00106,returning,2024-03-20T19:13:33,demo-v1.1
C00107,returning,2025-12-28T01:30:51,demo-v1.1
C00108,new,2025-07-29T15:05:53,demo-v1.1
C00109,returning,2024-02-12T08:19:54,demo-v1.1
C00110,returning,2024-02-24T05:30:45,demo-v1.1
C00111,returning,2024-09-08T17:08:24,demo-v1.1
C00112,new,2025-07-11T20:58:42,demo-v1.1
C00113,returning,2025-09-16T16:27:32,demo-v1.1
C00114,returning,2025-04-24T19:01:17,demo-v1.1
C00115,returning,2025-07-18T16:50:44,demo-v1.1
C00116,new,2024-08-27T22:19:45,demo-v1.1
C00117,returning,2024-07-15T17:32:38,demo-v1.1
C00118,returning,2024-12-02T05:33:31,demo-v1.1
C00119,returning,2025-03-15T05:51:03,demo-v1.1
C00120,new,2025-11-08T04:39:33,demo-v1.1
C00121,returning,2024-12-11T23:16:45,demo-v1.1
C00122,returning,2024-05-09T02:59:43,demo-v1.1
C00123,returning,2024-02-26T10:26:29,demo-v1.1
C00124,new,2025-08-09T05:39:07,demo-v1.1
C00125,returning,2024-09-21T16:31:54,demo-v1.1
C00126,returning,2024-09-22T12:57:04,demo-v1.1
C00127,returning,2025-09-17T20:53:42,demo-v1.1
C00128,new,2025-03-02T00:30:56,demo-v1.1
C00129,returning,2024-08-22T15:39:38,demo-v1.1
C00130,returning,2024-01-16T14:31:25,demo-v1.1
C00131,returning,2024-04-09T14:23:51,demo-v1.1
C00132,new,2025-09-18T21:21:22,demo-v1.1
C00133,returning,2024-12-04T12:52:15,demo-v1.1
C00134,returning,2024-10-19T08:56:04,demo-v1.1
C00135,returning,2025-02-09T10:07:45,demo-v1.1
C00136,new,2024-01-21T10:09:50,demo-v1.1
C00137,returning,2024-08-17T01:09:26,demo-v1.1
C00138,returning,2025-09-06T14:49:24,demo-v1.1
C00139,returning,2024-11-28T13:19:37,demo-v1.1
C00140,new,2024-03-17T15:04:25,demo-v1.1
C00141,returning,2024-01-02T18:04:14,demo-v1.1
C00142,returning,2025-09-19T07:06:38,demo-v1.1
C00143,returning,2024-11-08T10:39:50,demo-v1.1
C00144,new,2025-04-15T04:21:24,demo-v1.1
C00145,returning,2025-10-31T00:23:29,demo-v1.1
C00146,returning,2024-09-19T17:41:54,demo-v1.1
C00147,returning,2024-07-04T11:17:01,demo-v1.1
C00148,new,2024-06-24T20:17:34,demo-v1.1
C00149,returning,2025-05-04T16:38:24,demo-v1.1
C00150,returning,2025-05-29T13:29:27,demo-v1.1
C00151,returning,2025-04-24T02:09:55,demo-v1.1
C00152,new,2025-02-04T14:23:23,demo-v1.1
C00153,returning,2024-06-27T23:24:08,demo-v1.1
C00154,returning,2025-08-29T20:08:29,demo-v1.1
C00155,returning,2025-10-10T00:47:46,demo-v1.1
C00156,new,2025-08-19T09:52:07,demo-v1.1
C00157,returning,2025-12-23T17:46:59,demo-v1.1
C00158,returning,2024-05-16T00:02:23,demo-v1.1
C00159,returning,2024-12-07T20:50:51,demo-v1.1
C00160,new,2025-01-23T13:04:37,demo-v1.1
C00161,returning,2024-11-26T19:20:23,demo-v1.1
C00162,returning,2024-02-01T02:44:08,demo-v1.1
C00163,returning,2024-01-28T01:56:29,demo-v1.1
C00164,new,2025-03-03T21:18:08,demo-v1.1
C00165,returning,2024-08-07T21:40:25,demo-v1.1
C00166,returning,2025-08-29T21:57:58,demo-v1.1
C00167,returning,2025-01-01T05:08:46,demo-v1.1
C00168,new,2025-01-14T02:21:26,demo-v1.1
C00169,returning,2024-05-13T02:33:22,demo-v1.1
C00170,returning,2025-09-23T06:30:13,demo-v1.1
C00171,returning,2024-12-06T11:24:19,demo-v1.1
C00172,new,2024-01-31T06:44:20,demo-v1.1
C00173,returning,2024-07-17T05:36:19,demo-v1.1
C00174,returning,2025-10-10T05:36:04,demo-v1.1
C00175,returning,2025-08-14T19:30:59,demo-v1.1
C00176,new,2024-01-02T21:41:45,demo-v1.1
C00177,returning,2025-09-22T01:48:44,demo-v1.1
C00178,returning,2025-10-03T22:25:57,demo-v1.1
C00179,returning,2024-08-06T19:49:13,demo-v1.1
C00180,new,2024-07-19T18:50:26,demo-v1.1
C00181,returning,2025-10-31T18:00:42,demo-v1.1
C00182,returning,2025-02-15T23:04:52,demo-v1.1
C00183,returning,2025-04-05T02:17:30,demo-v1.1
C00184,new,2025-01-01T06:09:39,demo-v1.1
C00185,returning,2025-11-18T22:00:41,demo-v1.1
C00186,returning,2025-03-14T04:39:35,demo-v1.1
C00187,returning,2025-05-05T09:13:38,demo-v1.1
C00188,new,2024-03-28T08:58:41,demo-v1.1
C00189,returning,2024-04-26T07:16:27,demo-v1.1
C00190,returning,2024-10-18T16:28:54,demo-v1.1
C00191,returning,2024-02-03T17:54:51,demo-v1.1
C00192,new,2024-01-15T23:07:03,demo-v1.1
C00193,returning,2025-03-22T15:25:32,demo-v1.1
C00194,returning,2025-01-27T14:50:01,demo-v1.1
C00195,returning,2025-07-17T05:08:05,demo-v1.1
C00196,new,2025-03-16T02:41:14,demo-v1.1
C00197,returning,2025-08-24T18:57:09,demo-v1.1
C00198,returning,2025-10-06T23:21:29,demo-v1.1
C00199,returning,2025-12-08T13:57:38,demo-v1.1
C00200,new,2024-04-03T03:49:57,demo-v1.1
C00201,returning,2025-12-02T00:48:32,demo-v1.1
C00202,returning,2024-06-18T03:02:25,demo-v1.1
C00203,returning,2025-12-02T19:46:00,demo-v1.1
C00204,new,2024-01-05T10:50:43,demo-v1.1
C00205,returning,2024-07-06T22:49:35,demo-v1.1
C00206,returning,2025-06-06T21:06:08,demo-v1.1
C00207,returning,2024-11-05T23:36:06,demo-v1.1
C00208,new,2025-02-11T22:44:08,demo-v1.1
C00209,returning,2024-01-13T08:22:13,demo-v1.1
C00210,returning,2025-11-28T12:20:08,demo-v1.1
C00211,returning,2025-06-10T06:26:54,demo-v1.1
C00212,new,2024-10-15T08:16:52,demo-v1.1
C00213,returning,2024-08-13T18:28:44,demo-v1.1
C00214,returning,2025-07-09T05:24:33,demo-v1.1
C00215,returning,2025-09-06T23:28:04,demo-v1.1
C00216,new,2025-09-18T08:20:09,demo-v1.1
C00217,returning,2025-12-12T06:18:35,demo-v1.1
C00218,returning,2024-02-13T11:17:26,demo-v1.1
C00219,returning,2024-12-06T01:41:08,demo-v1.1
C00220,new,2025-03-25T00:38:54,demo-v1.1
C00221,returning,2025-01-21T17:45:32,demo-v1.1
C00222,returning,2024-06-04T12:37:57,demo-v1.1
C00223,returning,2024-04-23T16:06:04,demo-v1.1
C00224,new,2025-07-22T12:36:21,demo-v1.1
C00225,returning,2025-08-30T03:38:42,demo-v1.1
C00226,returning,2024-11-19T01:10:08,demo-v1.1
C00227,returning,2025-06-16T15:31:05,demo-v1.1
C00228,new,2025-03-15T16:28:02,demo-v1.1
C00229,returning,2025-05-21T23:34:41,demo-v1.1
C00230,returning,2025-02-10T05:04:23,demo-v1.1
C00231,returning,2024-04-23T05:02:55,demo-v1.1
C00232,new,2024-08-09T19:35:56,demo-v1.1
C00233,returning,2025-06-01T06:07:05,demo-v1.1
C00234,returning,2024-05-05T14:13:35,demo-v1.1
C00235,returning,2025-04-05T10:04:42,demo-v1.1
C00236,new,2024-10-19T22:16:36,demo-v1.1
C00237,returning,2025-06-07T18:23:58,demo-v1.1
C00238,returning,2025-03-31T12:54:41,demo-v1.1
C00239,returning,2025-06-23T12:57:01,demo-v1.1
C00240,new,2025-05-06T15:28:45,demo-v1.1
C00241,returning,2025-12-11T05:35:46,demo-v1.1
C00242,returning,2025-12-14T09:41:39,demo-v1.1
C00243,returning,2025-09-20T13:52:23,demo-v1.1
C00244,new,2024-07-03T19:25:35,demo-v1.1
C00245,returning,2024-07-09T19:09:03,demo-v1.1
C00246,returning,2024-09-26T13:21:36,demo-v1.1
C00247,returning,2025-11-11T19:54:12,demo-v1.1
C00248,new,2025-01-10T18:12:55,demo-v1.1
C00249,returning,2024-11-14T05:58:52,demo-v1.1
C00250,returning,2024-04-16T09:36:09,demo-v1.1
C00251,returning,2024-11-01T10:26:50,demo-v1.1
C00252,new,2024-11-11T21:18:59,demo-v1.1
C00253,returning,2024-05-25T16:39:37,demo-v1.1
C00254,returning,2024-08-08T01:12:19,demo-v1.1
C00255,returning,2025-01-31T11:26:18,demo-v1.1
C00256,new,2025-02-22T20:04:13,demo-v1.1
C00257,returning,2024-05-23T04:50:07,demo-v1.1
C00258,returning,2024-01-05T15:37:37,demo-v1.1
C00259,returning,2024-08-02T06:02:08,demo-v1.1
C00260,new,2025-01-12T06:39:43,demo-v1.1
C00261,returning,2025-05-25T06:14:41,demo-v1.1
C00262,returning,2024-06-16T17:54:01,demo-v1.1
C00263,returning,2024-11-03T01:24:02,demo-v1.1
C00264,new,2024-04-08T21:18:20,demo-v1.1
C00265,returning,2025-07-30T01:43:43,demo-v1.1
C00266,returning,2025-05-07T18:33:14,demo-v1.1
C00267,returning,2025-04-20T22:48:16,demo-v1.1
C00268,new,2024-08-16T16:56:48,demo-v1.1
C00269,returning,2025-08-18T07:27:21,demo-v1.1
C00270,returning,2024-03-18T08:13:23,demo-v1.1
C00271,returning,2025-06-17T01:56:50,demo-v1.1
C00272,new,2025-06-03T21:18:48,demo-v1.1
C00273,returning,2025-10-03T23:06:32,demo-v1.1
C00274,returning,2024-11-27T11:05:09,demo-v1.1
C00275,returning,2024-01-26T16:57:32,demo-v1.1
C00276,new,2025-01-28T02:54:07,demo-v1.1
C00277,returning,2024-09-05T11:32:43,demo-v1.1
C00278,returning,2024-03-25T18:00:09,demo-v1.1
C00279,returning,2025-03-23T07:45:51,demo-v1.1
C00280,new,2025-05-19T18:39:30,demo-v1.1
C00281,returning,2024-06-22T17:58:48,demo-v1.1
C00282,returning,2025-05-29T12:17:05,demo-v1.1
C00283,returning,2024-05-08T13:22:24,demo-v1.1
C00284,new,2025-09-04T22:18:22,demo-v1.1
C00285,returning,2025-07-08T00:01:40,demo-v1.1
C00286,returning,2025-07-07T02:35:06,demo-v1.1
C00287,returning,2025-10-05T16:47:29,demo-v1.1
C00288,new,2024-09-03T13:52:20,demo-v1.1
C00289,returning,2024-05-30T23:12:32,demo-v1.1
C00290,returning,2025-01-07T19:54:43,demo-v1.1
C00291,returning,2024-06-21T11:16:28,demo-v1.1
C00292,new,2024-07-23T18:52:31,demo-v1.1
C00293,returning,2024-05-05T09:39:06,demo-v1.1
C00294,returning,2024-01-10T15:59:13,demo-v1.1
C00295,returning,2024-04-21T03:09:10,demo-v1.1
C00296,new,2025-08-28T18:42:36,demo-v1.1
C00297,returning,2024-01-20T03:10:33,demo-v1.1
C00298,returning,2025-06-14T23:45:23,demo-v1.1
C00299,returning,2024-12-09T12:53:08,demo-v1.1
C00300,new,2025-04-18T11:02:55,demo-v1.1
C00301,returning,2024-05-01T10:15:42,demo-v1.1
C00302,returning,2024-12-12T08:10:24,demo-v1.1
C00303,returning,2024-03-20T13:59:21,demo-v1.1
C00304,new,2025-03-13T10:43:04,demo-v1.1
C00305,returning,2024-08-08T07:39:41,demo-v1.1
C00306,returning,2024-03-30T06:36:17,demo-v1.1
C00307,returning,2024-06-18T13:14:31,demo-v1.1
C00308,new,2024-01-18T05:15:12,demo-v1.1
C00309,returning,2025-11-06T10:27:06,demo-v1.1
C00310,returning,2025-11-07T22:28:58,demo-v1.1
C00311,returning,2024-04-12T14:52:57,demo-v1.1
C00312,new,2024-07-08T09:23:40,demo-v1.1
C00313,returning,2025-11-07T16:28:58,demo-v1.1
C00314,returning,2025-11-07T05:33:53,demo-v1.1
C00315,returning,2025-11-18T18:32:45,demo-v1.1
C00316,new,2025-05-12T17:42:04,demo-v1.1
C00317,returning,2025-02-06T05:15:34,demo-v1.1
C00318,returning,2025-04-07T18:29:44,demo-v1.1
C00319,returning,2024-04-27T22:56:16,demo-v1.1
C00320,new,2025-09-30T03:03:46,demo-v1.1
C00321,returning,2025-01-17T22:03:00,demo-v1.1
C00322,returning,2025-05-26T04:53:53,demo-v1.1
C00323,returning,2025-12-07T14:02:26,demo-v1.1
C00324,new,2025-07-05T04:37:07,demo-v1.1
C00325,returning,2024-12-31T02:32:56,demo-v1.1
C00326,returning,2025-01-11T08:25:17,demo-v1.1
C00327,returning,2025-05-14T18:38:07,demo-v1.1
C00328,new,2024-03-24T05:42:43,demo-v1.1
C00329,returning,2024-01-22T04:06:30,demo-v1.1
C00330,returning,2024-11-26T07:37:10,demo-v1.1
C00331,returning,2025-01-11T02:56:40,demo-v1.1
C00332,new,2024-10-16T08:07:23,demo-v1.1
C00333,returning,2025-03-26T23:54:29,demo-v1.1
C00334,returning,2024-05-17T09:02:24,demo-v1.1
C00335,returning,2025-02-21T17:18:03,demo-v1.1
C00336,new,2024-05-05T11:55:41,demo-v1.1
C00337,returning,2024-09-01T00:11:33,demo-v1.1
C00338,returning,2025-12-02T18:12:51,demo-v1.1
C00339,returning,2024-04-10T17:16:18,demo-v1.1
C00340,new,2025-10-20T01:38:54,demo-v1.1
C00341,returning,2024-01-04T20:29:40,demo-v1.1
C00342,returning,2024-11-27T18:20:10,demo-v1.1
C00343,returning,2025-07-05T16:07:12,demo-v1.1
C00344,new,2024-08-06T08:03:46,demo-v1.1
C00345,returning,2025-12-09T15:21:26,demo-v1.1
C00346,returning,2025-08-29T22:43:10,demo-v1.1
C00347,returning,2024-07-31T13:27:35,demo-v1.1
C00348,new,2025-07-27T08:19:02,demo-v1.1
C00349,returning,2024-10-28T21:36:30,demo-v1.1
C00350,returning,2025-07-17T17:59:28,demo-v1.1
C00351,returning,2025-05-08T15:25:43,demo-v1.1
C00352,new,2024-05-31T05:54:54,demo-v1.1
C00353,returning,2025-11-28T22:26:01,demo-v1.1
C00354,returning,2025-01-08T11:04:36,demo-v1.1
C00355,returning,2025-09-07T08:54:18,demo-v1.1
C00356,new,2024-12-01T08:54:36,demo-v1.1
C00357,returning,2025-04-13T16:26:38,demo-v1.1
C00358,returning,2024-03-17T22:45:27,demo-v1.1
C00359,returning,2024-09-04T22:38:21,demo-v1.1
C00360,new,2024-04-24T14:12:06,demo-v1.1
C00361,returning,2024-04-21T09:30:37,demo-v1.1
C00362,returning,2024-12-15T21:49:32,demo-v1.1
C00363,returning,2025-01-19T13:13:44,demo-v1.1
C00364,new,2025-03-16T22:41:34,demo-v1.1
C00365,returning,2024-09-27T13:46:15,demo-v1.1
C00366,returning,2024-03-08T14:04:50,demo-v1.1
C00367,returning,2024-09-03T23:59:25,demo-v1.1
C00368,new,2024-03-07T16:11:14,demo-v1.1
C00369,returning,2024-11-06T16:51:49,demo-v1.1
C00370,returning,2024-02-05T08:01:07,demo-v1.1
C00371,returning,2024-05-18T05:12:41,demo-v1.1
C00372,new,2024-03-07T01:56:46,demo-v1.1
C00373,returning,2025-08-23T08:59:20,demo-v1.1
C00374,returning,2025-02-21T00:14:45,demo-v1.1
C00375,returning,2025-03-24T01:27:42,demo-v1.1
C00376,new,2024-09-24T00:46:12,demo-v1.1
C00377,returning,2025-07-11T03:49:59,demo-v1.1
C00378,returning,2025-07-26T04:56:20,demo-v1.1
C00379,returning,2025-11-19T19:06:52,demo-v1.1
C00380,new,2025-09-06T04:33:23,demo-v1.1
C00381,returning,2025-09-21T07:48:21,demo-v1.1
C00382,returning,2024-02-29T11:22:20,demo-v1.1
C00383,returning,2025-01-25T22:15:21,demo-v1.1
C00384,new,2024-02-09T02:57:44,demo-v1.1
C00385,returning,2025-06-09T16:23:56,demo-v1.1
C00386,returning,2025-01-26T09:09:10,demo-v1.1
C00387,returning,2024-10-06T08:50:43,demo-v1.1
C00388,new,2025-12-26T11:26:54,demo-v1.1
C00389,returning,2025-12-23T08:06:04,demo-v1.1
C00390,returning,2024-06-29T08:40:46,demo-v1.1
C00391,returning,2024-06-05T17:26:44,demo-v1.1
C00392,new,2025-11-20T04:55:43,demo-v1.1
C00393,returning,2025-12-08T17:46:43,demo-v1.1
C00394,returning,2025-05-15T16:13:12,demo-v1.1
C00395,returning,2024-12-19T09:30:24,demo-v1.1
C00396,new,2024-01-16T18:17:25,demo-v1.1
C00397,returning,2024-10-10T09:09:36,demo-v1.1
C00398,returning,2024-02-19T14:11:06,demo-v1.1
C00399,returning,2025-12-14T23:19:05,demo-v1.1
C00400,new,2024-01-16T16:32:21,demo-v1.1
C00401,returning,2025-06-29T12:14:48,demo-v1.1
C00402,returning,2024-05-25T22:42:42,demo-v1.1
C00403,returning,2024-08-21T15:15:28,demo-v1.1
C00404,new,2025-10-18T05:28:42,demo-v1.1
C00405,returning,2025-09-08T07:28:28,demo-v1.1
C00406,returning,2024-10-06T21:29:07,demo-v1.1
C00407,returning,2024-04-07T22:59:34,demo-v1.1
C00408,new,2024-03-09T01:30:20,demo-v1.1
C00409,returning,2025-07-09T06:04:32,demo-v1.1
C00410,returning,2025-10-25T16:40:07,demo-v1.1
C00411,returning,2024-06-27T21:03:36,demo-v1.1
C00412,new,2024-04-10T18:05:57,demo-v1.1
C00413,returning,2025-08-05T22:23:56,demo-v1.1
C00414,returning,2024-11-09T15:39:27,demo-v1.1
C00415,returning,2024-06-21T04:36:16,demo-v1.1
C00416,new,2024-10-06T08:56:30,demo-v1.1
C00417,returning,2024-10-08T21:06:58,demo-v1.1
C00418,returning,2025-07-30T14:21:06,demo-v1.1
C00419,returning,2024-12-27T05:47:37,demo-v1.1
C00420,new,2024-11-02T01:55:59,demo-v1.1
C00421,returning,2024-04-18T17:34:03,demo-v1.1
C00422,returning,2025-05-10T21:27:10,demo-v1.1
C00423,returning,2024-06-14T08:37:17,demo-v1.1
C00424,new,2024-08-31T01:44:08,demo-v1.1
C00425,returning,2024-06-05T20:51:47,demo-v1.1
C00426,returning,2024-12-05T01:09:18,demo-v1.1
C00427,returning,2024-10-03T05:04:02,demo-v1.1
C00428,new,2025-04-04T19:42:46,demo-v1.1
C00429,returning,2025-05-27T01:00:27,demo-v1.1
C00430,returning,2024-12-17T01:34:34,demo-v1.1
C00431,returning,2024-08-05T19:21:39,demo-v1.1
C00432,new,2025-01-31T03:32:30,demo-v1.1
C00433,returning,2024-11-17T03:20:56,demo-v1.1
C00434,returning,2025-08-02T19:15:26,demo-v1.1
C00435,returning,2025-10-03T10:41:05,demo-v1.1
C00436,new,2024-07-29T03:46:46,demo-v1.1
C00437,returning,2024-08-30T21:53:33,demo-v1.1
C00438,returning,2024-05-16T08:18:01,demo-v1.1
C00439,returning,2024-11-04T07:57:19,demo-v1.1
C00440,new,2024-05-21T04:54:53,demo-v1.1
C00441,returning,2025-02-12T00:20:43,demo-v1.1
C00442,returning,2024-06-27T00:18:08,demo-v1.1
C00443,returning,2025-03-23T13:24:18,demo-v1.1
C00444,new,2024-12-28T12:36:27,demo-v1.1
C00445,returning,2024-05-15T16:47:39,demo-v1.1
C00446,returning,2024-05-19T14:43:35,demo-v1.1
C00447,returning,2024-12-27T12:20:16,demo-v1.1
C00448,new,2024-09-08T16:10:15,demo-v1.1
C00449,returning,2024-10-30T12:48:57,demo-v1.1
C00450,returning,2025-05-12T16:50:34,demo-v1.1
C00451,returning,2024-01-04T07:15:35,demo-v1.1
C00452,new,2024-09-02T17:40:47,demo-v1.1
C00453,returning,2024-09-01T21:37:45,demo-v1.1
C00454,returning,2025-03-21T12:45:04,demo-v1.1
C00455,returning,2025-03-19T19:35:22,demo-v1.1
C00456,new,2025-11-16T09:43:53,demo-v1.1
C00457,returning,2025-08-06T09:15:10,demo-v1.1
C00458,returning,2024-03-03T23:58:06,demo-v1.1
C00459,returning,2024-12-29T03:41:19,demo-v1.1
C00460,new,2025-02-21T22:35:57,demo-v1.1
C00461,returning,2024-05-17T13:11:46,demo-v1.1
C00462,returning,2025-07-17T23:54:35,demo-v1.1
C00463,returning,2025-09-10T04:58:20,demo-v1.1
C00464,new,2025-06-08T03:20:57,demo-v1.1
C00465,returning,2025-10-02T14:42:49,demo-v1.1
C00466,returning,2024-07-30T19:26:45,demo-v1.1
C00467,returning,2025-05-13T08:02:35,demo-v1.1
C00468,new,2024-11-01T16:11:58,demo-v1.1
C00469,returning,2025-01-27T23:21:56,demo-v1.1
C00470,returning,2025-10-24T14:33:56,demo-v1.1
C00471,returning,2025-06-03T19:15:40,demo-v1.1
C00472,new,2024-06-14T10:44:56,demo-v1.1
C00473,returning,2024-03-25T00:49:16,demo-v1.1
C00474,returning,2024-03-27T12:05:59,demo-v1.1
C00475,returning,2025-06-10T01:42:21,demo-v1.1
C00476,new,2025-03-15T22:12:15,demo-v1.1
C00477,returning,2025-11-26T07:53:01,demo-v1.1
C00478,returning,2025-07-31T14:37:37,demo-v1.1
C00479,returning,2024-12-07T22:59:11,demo-v1.1
C00480,new,2025-08-28T16:41:32,demo-v1.1
C00481,returning,2024-02-19T17:04:51,demo-v1.1
C00482,returning,2024-11-09T13:49:39,demo-v1.1
C00483,returning,2024-01-22T13:50:31,demo-v1.1
C00484,new,2024-07-06T05:55:20,demo-v1.1
C00485,returning,2024-04-18T10:08:27,demo-v1.1
C00486,returning,2024-09-26T16:27:32,demo-v1.1
C00487,returning,2024-12-15T14:30:22,demo-v1.1
C00488,new,2024-02-19T00:00:21,demo-v1.1
C00489,returning,2024-02-29T16:53:38,demo-v1.1
C00490,returning,2024-04-28T18:16:11,demo-v1.1
C00491,returning,2025-09-04T13:36:47,demo-v1.1
C00492,new,2024-12-11T04:53:24,demo-v1.1
C00493,returning,2024-06-29T06:21:25,demo-v1.1
C00494,returning,2024-05-21T12:44:43,demo-v1.1
C00495,returning,2025-01-19T01:23:29,demo-v1.1
C00496,new,2025-02-11T21:08:50,demo-v1.1
C00497,returning,2024-05-16T22:46:05,demo-v1.1
C00498,returning,2025-09-06T15:07:51,demo-v1.1
C00499,returning,2025-12-25T11:53:15,demo-v1.1
C00500,new,2024-01-30T01:05:40,demo-v1.1
C00501,returning,2024-07-11T16:38:15,demo-v1.1
C00502,returning,2025-02-23T13:35:26,demo-v1.1
C00503,returning,2025-04-12T15:14:52,demo-v1.1
C00504,new,2025-05-06T23:04:39,demo-v1.1
C00505,returning,2024-08-18T15:49:31,demo-v1.1
C00506,returning,2024-07-20T17:49:44,demo-v1.1
C00507,returning,2024-04-13T20:52:06,demo-v1.1
C00508,new,2025-03-09T08:07:42,demo-v1.1
C00509,returning,2025-07-02T09:48:51,demo-v1.1
C00510,returning,2024-08-24T05:18:59,demo-v1.1
C00511,returning,2024-12-19T16:56:14,demo-v1.1
C00512,new,2025-12-29T04:09:22,demo-v1.1
C00513,returning,2024-10-09T20:19:17,demo-v1.1
C00514,returning,2025-08-13T01:17:52,demo-v1.1
C00515,returning,2025-05-13T11:32:11,demo-v1.1
C00516,new,2024-04-05T02:17:18,demo-v1.1
C00517,returning,2024-05-28T19:23:33,demo-v1.1
C00518,returning,2024-06-27T16:18:10,demo-v1.1
C00519,returning,2024-06-21T22:49:07,demo-v1.1
C00520,new,2025-04-23T01:20:36,demo-v1.1
C00521,returning,2024-03-20T05:09:08,demo-v1.1
C00522,returning,2025-08-14T09:45:35,demo-v1.1
C00523,returning,2025-09-04T20:04:02,demo-v1.1
C00524,new,2025-12-16T13:53:45,demo-v1.1
C00525,returning,2025-07-08T23:47:43,demo-v1.1
C00526,returning,2024-02-14T04:25:37,demo-v1.1
C00527,returning,2024-06-15T07:30:18,demo-v1.1
C00528,new,2024-04-20T21:34:02,demo-v1.1
C00529,returning,2025-10-19T05:11:18,demo-v1.1
C00530,returning,2024-08-25T14:45:45,demo-v1.1
C00531,returning,2024-11-09T11:41:08,demo-v1.1
C00532,new,2024-07-03T16:34:41,demo-v1.1
C00533,returning,2024-07-27T07:25:58,demo-v1.1
C00534,returning,2024-05-15T11:23:05,demo-v1.1
C00535,returning,2024-07-28T01:41:23,demo-v1.1
C00536,new,2025-01-21T17:14:47,demo-v1.1
C00537,returning,2025-08-12T18:54:31,demo-v1.1
C00538,returning,2025-07-16T14:43:21,demo-v1.1
C00539,returning,2025-03-03T02:12:36,demo-v1.1
C00540,new,2024-02-13T10:16:55,demo-v1.1
C00541,returning,2025-12-07T12:57:47,demo-v1.1
C00542,returning,2024-10-28T12:39:24,demo-v1.1
C00543,returning,2025-05-30T04:08:01,demo-v1.1
C00544,new,2024-08-13T03:28:26,demo-v1.1
C00545,returning,2024-08-12T06:17:06,demo-v1.1
C00546,returning,2024-03-14T07:01:17,demo-v1.1
C00547,returning,2025-01-11T06:00:22,demo-v1.1
C00548,new,2024-06-29T05:03:20,demo-v1.1
C00549,returning,2024-02-29T17:01:40,demo-v1.1
C00550,returning,2024-12-20T02:36:30,demo-v1.1
C00551,returning,2024-11-03T00:31:02,demo-v1.1
C00552,new,2025-02-26T03:25:04,demo-v1.1
C00553,returning,2024-04-16T03:54:18,demo-v1.1
C00554,returning,2024-06-21T07:24:21,demo-v1.1
C00555,returning,2025-09-29T14:32:25,demo-v1.1
C00556,new,2025-09-18T16:06:37,demo-v1.1
C00557,returning,2024-01-20T00:53:23,demo-v1.1
C00558,returning,2024-02-04T21:20:57,demo-v1.1
C00559,returning,2025-12-18T09:02:11,demo-v1.1
C00560,new,2024-06-08T02:25:27,demo-v1.1
C00561,returning,2024-10-04T14:25:03,demo-v1.1
C00562,returning,2025-08-21T16:54:52,demo-v1.1
C00563,returning,2025-06-11T17:20:06,demo-v1.1
C00564,new,2025-05-14T08:17:01,demo-v1.1
C00565,returning,2024-06-10T00:10:47,demo-v1.1
C00566,returning,2025-08-07T02:50:29,demo-v1.1
C00567,returning,2024-11-03T16:17:04,demo-v1.1
C00568,new,2025-12-29T16:15:07,demo-v1.1
C00569,returning,2025-11-28T15:47:19,demo-v1.1
C00570,returning,2025-06-25T02:28:04,demo-v1.1
C00571,returning,2024-06-01T17:26:25,demo-v1.1
C00572,new,2024-12-09T14:21:28,demo-v1.1
C00573,returning,2025-04-27T17:55:47,demo-v1.1
C00574,returning,2024-12-26T10:47:36,demo-v1.1
C00575,returning,2024-06-26T22:35:39,demo-v1.1
C00576,new,2024-07-13T04:00:21,demo-v1.1
C00577,returning,2024-05-16T01:06:57,demo-v1.1
C00578,returning,2024-10-14T18:29:04,demo-v1.1
C00579,returning,2024-01-10T22:00:21,demo-v1.1
C00580,new,2024-09-19T19:07:32,demo-v1.1
C00581,returning,2024-02-28T09:32:33,demo-v1.1
C00582,returning,2025-09-16T23:41:07,demo-v1.1
C00583,returning,2024-10-08T14:16:06,demo-v1.1
C00584,new,2025-10-14T08:21:38,demo-v1.1
C00585,returning,2025-04-14T19:33:27,demo-v1.1
C00586,returning,2025-09-19T13:55:08,demo-v1.1
C00587,returning,2025-10-24T12:26:36,demo-v1.1
C00588,new,2025-04-18T23:20:10,demo-v1.1
C00589,returning,2025-10-13T21:05:11,demo-v1.1
C00590,returning,2025-04-18T22:05:39,demo-v1.1
C00591,returning,2024-07-24T01:10:51,demo-v1.1
C00592,new,2025-11-02T04:20:53,demo-v1.1
C00593,returning,2025-06-18T22:54:04,demo-v1.1
C00594,returning,2024-03-30T05:00:11,demo-v1.1
C00595,returning,2025-07-31T11:39:00,demo-v1.1
C00596,new,2025-02-07T11:40:20,demo-v1.1
C00597,returning,2024-10-08T14:39:13,demo-v1.1
C00598,returning,2024-02-02T04:06:30,demo-v1.1
C00599,returning,2024-12-25T10:08:11,demo-v1.1
C00600,new,2024-08-08T06:11:32,demo-v1.1
C00601,returning,2025-07-01T15:03:17,demo-v1.1
C00602,returning,2024-09-21T00:38:14,demo-v1.1
C00603,returning,2024-12-22T13:53:26,demo-v1.1
C00604,new,2024-11-20T21:48:43,demo-v1.1
C00605,returning,2024-10-21T05:42:23,demo-v1.1
C00606,returning,2024-08-05T12:27:35,demo-v1.1
C00607,returning,2025-03-17T07:21:53,demo-v1.1
C00608,new,2025-06-07T01:38:00,demo-v1.1
C00609,returning,2025-12-12T05:50:07,demo-v1.1
C00610,returning,2025-11-10T10:13:31,demo-v1.1
C00611,returning,2024-12-06T16:45:45,demo-v1.1
C00612,new,2025-10-10T23:51:46,demo-v1.1
C00613,returning,2024-10-24T09:03:59,demo-v1.1
C00614,returning,2025-04-06T14:17:47,demo-v1.1
C00615,returning,2025-05-17T14:07:08,demo-v1.1
C00616,new,2024-04-22T15:07:47,demo-v1.1
C00617,returning,2025-04-01T00:06:55,demo-v1.1
C00618,returning,2024-11-07T02:08:41,demo-v1.1
C00619,returning,2024-09-10T16:40:33,demo-v1.1
C00620,new,2024-05-27T22:25:34,demo-v1.1
C00621,returning,2025-06-23T06:55:14,demo-v1.1
C00622,returning,2024-10-20T06:13:16,demo-v1.1
C00623,returning,2025-11-29T21:13:11,demo-v1.1
C00624,new,2025-01-31T09:05:42,demo-v1.1
C00625,returning,2025-04-05T03:22:53,demo-v1.1
C00626,returning,2025-09-27T17:28:38,demo-v1.1
C00627,returning,2024-11-25T10:54:11,demo-v1.1
C00628,new,2025-11-05T08:29:50,demo-v1.1
C00629,returning,2025-01-19T06:48:08,demo-v1.1
C00630,returning,2025-05-18T00:37:23,demo-v1.1
C00631,returning,2025-08-31T08:01:11,demo-v1.1
C00632,new,2024-07-23T04:43:27,demo-v1.1
C00633,returning,2024-11-14T03:01:06,demo-v1.1
C00634,returning,2024-05-08T12:10:28,demo-v1.1
C00635,returning,2024-12-16T04:43:35,demo-v1.1
C00636,new,2025-01-15T20:35:36,demo-v1.1
C00637,returning,2024-11-02T13:45:18,demo-v1.1
C00638,returning,2024-02-17T18:24:44,demo-v1.1
C00639,returning,2025-02-12T07:41:00,demo-v1.1
C00640,new,2025-08-28T16:11:28,demo-v1.1
C00641,returning,2025-10-19T03:21:43,demo-v1.1
C00642,returning,2024-01-14T22:10:21,demo-v1.1
C00643,returning,2025-04-21T04:54:14,demo-v1.1
C00644,new,2024-11-29T21:36:14,demo-v1.1
C00645,returning,2024-03-30T16:51:51,demo-v1.1
C00646,returning,2025-02-27T19:42:52,demo-v1.1
C00647,returning,2025-09-18T00:06:45,demo-v1.1
C00648,new,2025-10-01T16:50:25,demo-v1.1
C00649,returning,2024-04-03T17:25:42,demo-v1.1
C00650,returning,2025-10-23T03:54:30,demo-v1.1
C00651,returning,2025-03-09T17:14:51,demo-v1.1
C00652,new,2024-11-20T13:35:53,demo-v1.1
C00653,returning,2024-02-07T05:50:20,demo-v1.1
C00654,returning,2024-08-07T05:55:05,demo-v1.1
C00655,returning,2024-06-09T13:57:00,demo-v1.1
C00656,new,2025-01-16T18:55:42,demo-v1.1
C00657,returning,2025-10-05T07:34:31,demo-v1.1
C00658,returning,2025-09-19T18:27:43,demo-v1.1
C00659,returning,2024-12-05T14:14:55,demo-v1.1
C00660,new,2025-03-05T05:56:19,demo-v1.1
C00661,returning,2025-11-27T12:17:41,demo-v1.1
C00662,returning,2024-12-20T19:27:07,demo-v1.1
C00663,returning,2025-06-26T06:59:32,demo-v1.1
C00664,new,2024-09-02T20:48:12,demo-v1.1
C00665,returning,2025-07-03T08:51:56,demo-v1.1
C00666,returning,2024-06-11T11:21:24,demo-v1.1
C00667,returning,2024-09-04T11:11:25,demo-v1.1
C00668,new,2024-06-14T04:04:55,demo-v1.1
C00669,returning,2024-12-23T19:36:43,demo-v1.1
C00670,returning,2024-12-10T21:07:54,demo-v1.1
C00671,returning,2025-05-20T07:58:40,demo-v1.1
C00672,new,2024-05-14T05:59:18,demo-v1.1
C00673,returning,2025-12-10T01:40:50,demo-v1.1
C00674,returning,2024-01-30T19:28:23,demo-v1.1
C00675,returning,2024-11-07T11:02:02,demo-v1.1
C00676,new,2025-01-05T15:34:27,demo-v1.1
C00677,returning,2025-12-17T19:19:40,demo-v1.1
C00678,returning,2024-04-11T13:33:43,demo-v1.1
C00679,returning,2025-05-12T13:42:23,demo-v1.1
C00680,new,2024-03-16T22:53:25,demo-v1.1
C00681,returning,2025-10-10T00:19:37,demo-v1.1
C00682,returning,2024-09-06T17:11:33,demo-v1.1
C00683,returning,2025-08-07T08:13:26,demo-v1.1
C00684,new,2025-11-21T09:02:28,demo-v1.1
C00685,returning,2025-06-14T15:30:24,demo-v1.1
C00686,returning,2025-04-18T03:35:05,demo-v1.1
C00687,returning,2025-08-29T16:18:39,demo-v1.1
C00688,new,2024-05-12T13:16:43,demo-v1.1
C00689,returning,2024-03-12T09:52:09,demo-v1.1
C00690,returning,2024-02-07T12:52:29,demo-v1.1
C00691,returning,2025-10-01T17:14:00,demo-v1.1
C00692,new,2025-07-11T09:14:54,demo-v1.1
C00693,returning,2025-09-03T12:45:50,demo-v1.1
C00694,returning,2024-07-12T20:09:52,demo-v1.1
C00695,returning,2024-05-19T16:18:05,demo-v1.1
C00696,new,2025-03-14T13:23:00,demo-v1.1
C00697,returning,2024-02-07T07:26:52,demo-v1.1
C00698,returning,2025-12-08T05:30:55,demo-v1.1
C00699,returning,2024-08-11T12:42:23,demo-v1.1
C00700,new,2024-10-15T12:54:15,demo-v1.1
C00701,returning,2025-05-20T02:44:46,demo-v1.1
C00702,returning,2024-02-10T21:23:24,demo-v1.1
C00703,returning,2025-10-04T18:40:20,demo-v1.1
C00704,new,2024-03-22T16:04:25,demo-v1.1
C00705,returning,2024-07-30T04:33:24,demo-v1.1
C00706,returning,2024-01-29T08:23:58,demo-v1.1
C00707,returning,2025-02-18T23:33:22,demo-v1.1
C00708,new,2024-12-01T13:54:19,demo-v1.1
C00709,returning,2025-07-15T15:16:54,demo-v1.1
C00710,returning,2024-03-19T23:32:53,demo-v1.1
C00711,returning,2024-02-21T01:56:02,demo-v1.1
C00712,new,2024-01-19T10:51:45,demo-v1.1
C00713,returning,2025-12-30T11:57:40,demo-v1.1
C00714,returning,2025-11-19T12:59:07,demo-v1.1
C00715,returning,2025-02-24T10:09:23,demo-v1.1
C00716,new,2024-12-25T12:06:08,demo-v1.1
C00717,returning,2025-09-12T23:08:19,demo-v1.1
C00718,returning,2025-06-29T18:53:45,demo-v1.1
C00719,returning,2025-01-11T07:55:05,demo-v1.1
C00720,new,2024-06-01T19:38:17,demo-v1.1
C00721,returning,2024-05-11T05:27:04,demo-v1.1
C00722,returning,2024-07-06T18:10:14,demo-v1.1
C00723,returning,2024-09-04T20:31:41,demo-v1.1
C00724,new,2024-06-27T00:36:00,demo-v1.1
C00725,returning,2025-01-23T14:58:35,demo-v1.1
C00726,returning,2025-08-06T14:14:31,demo-v1.1
C00727,returning,2024-07-29T14:41:59,demo-v1.1
C00728,new,2024-10-23T09:45:03,demo-v1.1
C00729,returning,2025-03-15T19:29:27,demo-v1.1
C00730,returning,2025-12-27T05:37:05,demo-v1.1
C00731,returning,2025-06-14T13:09:51,demo-v1.1
C00732,new,2024-01-27T02:35:49,demo-v1.1
C00733,returning,2025-11-11T22:00:34,demo-v1.1
C00734,returning,2025-05-09T05:53:48,demo-v1.1
C00735,returning,2025-09-12T11:09:22,demo-v1.1
C00736,new,2025-03-30T00:14:42,demo-v1.1
C00737,returning,2025-02-02T05:20:09,demo-v1.1
C00738,returning,2024-02-01T11:45:19,demo-v1.1
C00739,returning,2025-07-15T10:28:35,demo-v1.1
C00740,new,2024-05-08T20:50:59,demo-v1.1
C00741,returning,2025-03-12T12:56:45,demo-v1.1
C00742,returning,2024-05-15T18:12:58,demo-v1.1
C00743,returning,2025-07-25T22:58:58,demo-v1.1
C00744,new,2024-08-10T10:31:02,demo-v1.1
C00745,returning,2024-12-26T16:07:08,demo-v1.1
C00746,returning,2024-11-10T13:11:56,demo-v1.1
C00747,returning,2024-09-08T02:58:00,demo-v1.1
C00748,new,2024-02-29T00:41:37,demo-v1.1
C00749,returning,2024-06-06T06:13:22,demo-v1.1
C00750,returning,2024-03-03T00:07:41,demo-v1.1
C00751,returning,2024-01-24T06:29:55,demo-v1.1
C00752,new,2024-10-25T18:41:53,demo-v1.1
C00753,returning,2025-11-21T21:04:48,demo-v1.1
C00754,returning,2025-04-24T01:24:35,demo-v1.1
C00755,returning,2024-04-21T21:45:39,demo-v1.1
C00756,new,2025-12-04T03:51:52,demo-v1.1
C00757,returning,2024-08-12T16:23:12,demo-v1.1
C00758,returning,2024-06-24T19:06:05,demo-v1.1
C00759,returning,2025-04-06T07:24:26,demo-v1.1
C00760,new,2025-02-06T01:46:00,demo-v1.1
C00761,returning,2025-03-21T10:48:26,demo-v1.1
C00762,returning,2025-05-19T15:44:35,demo-v1.1
C00763,returning,2024-01-09T11:19:10,demo-v1.1
C00764,new,2024-04-27T10:16:02,demo-v1.1
C00765,returning,2024-02-03T07:25:22,demo-v1.1
C00766,returning,2025-08-18T09:44:53,demo-v1.1
C00767,returning,2024-06-03T16:57:11,demo-v1.1
C00768,new,2024-01-03T18:45:54,demo-v1.1
C00769,returning,2024-09-05T13:13:03,demo-v1.1
C00770,returning,2025-04-05T18:34:19,demo-v1.1
C00771,returning,2024-04-27T14:02:40,demo-v1.1
C00772,new,2025-09-03T19:18:16,demo-v1.1
C00773,returning,2025-12-11T12:43:38,demo-v1.1
C00774,returning,2025-06-14T22:03:50,demo-v1.1
C00775,returning,2025-10-13T18:46:07,demo-v1.1
C00776,new,2025-06-02T21:47:54,demo-v1.1
C00777,returning,2025-04-06T23:18:06,demo-v1.1
C00778,returning,2024-03-22T07:41:48,demo-v1.1
C00779,returning,2025-11-24T21:28:52,demo-v1.1
C00780,new,2025-05-31T22:29:22,demo-v1.1
C00781,returning,2025-12-30T06:19:11,demo-v1.1
C00782,returning,2024-04-25T19:51:57,demo-v1.1
C00783,returning,2024-12-17T18:38:10,demo-v1.1
C00784,new,2025-11-05T07:24:12,demo-v1.1
C00785,returning,2025-07-23T03:55:23,demo-v1.1
C00786,returning,2025-04-05T16:21:50,demo-v1.1
C00787,returning,2025-06-19T04:16:10,demo-v1.1
C00788,new,2024-05-16T14:05:08,demo-v1.1
C00789,returning,2025-11-26T20:56:35,demo-v1.1
C00790,returning,2024-05-29T19:34:40,demo-v1.1
C00791,returning,2024-11-12T18:28:47,demo-v1.1
C00792,new,2025-01-19T01:26:22,demo-v1.1
C00793,returning,2025-02-15T11:54:08,demo-v1.1
C00794,returning,2025-12-19T11:48:20,demo-v1.1
C00795,returning,2025-08-16T04:04:49,demo-v1.1
C00796,new,2025-03-12T19:43:47,demo-v1.1
C00797,returning,2025-09-21T21:29:26,demo-v1.1
C00798,returning,2024-08-18T04:11:32,demo-v1.1
C00799,returning,2024-08-03T18:26:29,demo-v1.1
C00800,new,2024-09-21T22:27:54,demo-v1.1
C00801,returning,2024-06-23T08:23:04,demo-v1.1
C00802,returning,2024-12-09T20:43:26,demo-v1.1
C00803,returning,2025-05-31T03:33:13,demo-v1.1
C00804,new,2024-06-29T06:20:34,demo-v1.1
C00805,returning,2025-04-26T11:50:59,demo-v1.1
C00806,returning,2025-04-30T19:05:40,demo-v1.1
C00807,returning,2024-08-30T14:07:29,demo-v1.1
C00808,new,2024-04-26T20:55:33,demo-v1.1
C00809,returning,2025-12-05T01:16:54,demo-v1.1
C00810,returning,2024-06-22T08:33:39,demo-v1.1
C00811,returning,2024-08-23T18:26:09,demo-v1.1
C00812,new,2025-03-25T05:35:56,demo-v1.1
C00813,returning,2025-05-03T10:01:53,demo-v1.1
C00814,returning,2024-06-17T23:35:00,demo-v1.1
C00815,returning,2024-05-29T15:14:34,demo-v1.1
C00816,new,2025-07-24T12:22:13,demo-v1.1
C00817,returning,2024-05-14T10:16:27,demo-v1.1
C00818,returning,2024-05-29T05:24:26,demo-v1.1
C00819,returning,2024-03-14T10:06:49,demo-v1.1
C00820,new,2025-10-17T08:27:46,demo-v1.1
C00821,returning,2024-05-06T09:03:57,demo-v1.1
C00822,returning,2025-04-22T04:20:21,demo-v1.1
C00823,returning,2025-06-06T12:34:23,demo-v1.1
C00824,new,2025-01-25T07:18:31,demo-v1.1
C00825,returning,2024-03-07T21:48:26,demo-v1.1
C00826,returning,2024-06-16T03:23:10,demo-v1.1
C00827,returning,2024-03-26T15:31:48,demo-v1.1
C00828,new,2025-07-29T13:06:59,demo-v1.1
C00829,returning,2025-07-12T06:41:49,demo-v1.1
C00830,returning,2025-09-05T10:19:59,demo-v1.1
C00831,returning,2024-01-11T06:14:45,demo-v1.1
C00832,new,2024-05-05T05:21:37,demo-v1.1
C00833,returning,2024-12-27T02:27:19,demo-v1.1
C00834,returning,2025-04-16T20:35:03,demo-v1.1
C00835,returning,2025-02-10T08:39:04,demo-v1.1
C00836,new,2024-12-13T05:49:40,demo-v1.1
C00837,returning,2024-04-13T07:19:04,demo-v1.1
C00838,returning,2024-03-29T03:04:59,demo-v1.1
C00839,returning,2025-01-05T00:26:49,demo-v1.1
C00840,new,2024-12-04T09:28:35,demo-v1.1
C00841,returning,2025-09-10T19:46:30,demo-v1.1
C00842,returning,2024-10-23T11:26:12,demo-v1.1
C00843,returning,2024-08-03T00:35:04,demo-v1.1
C00844,new,2024-09-20T20:32:25,demo-v1.1
C00845,returning,2025-09-26T21:58:48,demo-v1.1
C00846,returning,2025-02-01T04:12:53,demo-v1.1
C00847,returning,2025-08-13T19:16:35,demo-v1.1
C00848,new,2025-10-05T14:59:55,demo-v1.1
C00849,returning,2025-03-28T15:05:30,demo-v1.1
C00850,returning,2025-02-16T23:39:15,demo-v1.1
C00851,returning,2024-06-08T02:32:20,demo-v1.1
C00852,new,2025-03-15T04:22:42,demo-v1.1
C00853,returning,2024-11-25T08:49:14,demo-v1.1
C00854,returning,2024-02-18T00:26:43,demo-v1.1
C00855,returning,2025-05-28T17:18:47,demo-v1.1
C00856,new,2025-09-13T19:29:24,demo-v1.1
C00857,returning,2025-08-29T03:03:42,demo-v1.1
C00858,returning,2025-03-12T15:44:50,demo-v1.1
C00859,returning,2024-08-03T00:20:34,demo-v1.1
C00860,new,2024-07-31T05:07:21,demo-v1.1
C00861,returning,2025-07-19T09:57:23,demo-v1.1
C00862,returning,2025-07-04T02:59:41,demo-v1.1
C00863,returning,2024-06-22T00:51:52,demo-v1.1
C00864,new,2025-11-22T11:51:00,demo-v1.1
C00865,returning,2024-06-14T12:11:55,demo-v1.1
C00866,returning,2025-02-13T22:47:57,demo-v1.1
C00867,returning,2024-02-14T22:58:34,demo-v1.1
C00868,new,2025-04-23T12:03:04,demo-v1.1
C00869,returning,2025-01-09T19:09:53,demo-v1.1
C00870,returning,2024-08-15T02:27:51,demo-v1.1
C00871,returning,2025-06-17T05:11:01,demo-v1.1
C00872,new,2024-04-21T16:05:20,demo-v1.1
C00873,returning,2024-07-20T04:03:22,demo-v1.1
C00874,returning,2024-07-31T02:35:28,demo-v1.1
C00875,returning,2024-05-23T17:09:11,demo-v1.1
C00876,new,2024-04-03T18:23:09,demo-v1.1
C00877,returning,2025-02-27T03:49:17,demo-v1.1
C00878,returning,2025-05-09T17:08:16,demo-v1.1
C00879,returning,2025-07-06T20:02:10,demo-v1.1
C00880,new,2025-02-22T22:02:08,demo-v1.1
C00881,returning,2025-09-01T19:57:28,demo-v1.1
C00882,returning,2025-04-24T16:20:10,demo-v1.1
C00883,returning,2024-10-02T02:15:20,demo-v1.1
C00884,new,2024-08-14T12:07:07,demo-v1.1
C00885,returning,2025-07-31T02:00:55,demo-v1.1
C00886,returning,2024-06-24T02:08:40,demo-v1.1
C00887,returning,2025-03-21T21:57:02,demo-v1.1
C00888,new,2024-06-12T12:53:19,demo-v1.1
C00889,returning,2024-03-22T02:23:26,demo-v1.1
C00890,returning,2025-07-21T04:36:54,demo-v1.1
C00891,returning,2024-03-07T03:27:56,demo-v1.1
C00892,new,2025-01-19T03:52:04,demo-v1.1
C00893,returning,2024-11-12T04:00:26,demo-v1.1
C00894,returning,2025-08-12T03:36:41,demo-v1.1
C00895,returning,2025-05-22T06:42:57,demo-v1.1
C00896,new,2025-08-03T08:40:54,demo-v1.1
C00897,returning,2025-07-03T15:40:37,demo-v1.1
C00898,returning,2025-09-19T09:47:06,demo-v1.1
C00899,returning,2025-01-03T12:28:51,demo-v1.1
C00900,new,2025-12-29T01:15:11,demo-v1.1
C00901,returning,2025-01-01T00:39:30,demo-v1.1
C00902,returning,2025-11-11T05:01:06,demo-v1.1
C00903,returning,2025-12-26T22:12:01,demo-v1.1
C00904,new,2024-10-17T00:46:19,demo-v1.1
C00905,returning,2024-09-09T19:10:59,demo-v1.1
C00906,returning,2024-09-12T17:50:37,demo-v1.1
C00907,returning,2025-12-03T06:46:10,demo-v1.1
C00908,new,2024-02-28T05:56:20,demo-v1.1
C00909,returning,2025-12-17T21:08:12,demo-v1.1
C00910,returning,2024-07-26T01:51:00,demo-v1.1
C00911,returning,2024-09-21T15:06:42,demo-v1.1
C00912,new,2025-11-01T14:20:31,demo-v1.1
C00913,returning,2024-11-19T18:43:48,demo-v1.1
C00914,returning,2024-04-25T02:07:45,demo-v1.1
C00915,returning,2024-05-26T20:59:18,demo-v1.1
C00916,new,2024-10-12T17:04:41,demo-v1.1
C00917,returning,2024-03-05T16:54:13,demo-v1.1
C00918,returning,2025-11-16T10:57:35,demo-v1.1
C00919,returning,2025-07-08T16:08:30,demo-v1.1
C00920,new,2025-09-25T03:29:16,demo-v1.1
C00921,returning,2025-05-08T14:21:36,demo-v1.1
C00922,returning,2024-10-03T17:07:05,demo-v1.1
C00923,returning,2025-11-13T19:05:18,demo-v1.1
C00924,new,2024-10-11T02:43:05,demo-v1.1
C00925,returning,2024-12-05T21:24:04,demo-v1.1
C00926,returning,2024-01-02T19:32:15,demo-v1.1
C00927,returning,2025-10-10T19:28:59,demo-v1.1
C00928,new,2024-12-16T17:05:16,demo-v1.1
C00929,returning,2024-06-02T02:41:37,demo-v1.1
C00930,returning,2025-05-10T18:19:26,demo-v1.1
C00931,returning,2025-04-24T13:24:28,demo-v1.1
C00932,new,2024-05-15T16:57:53,demo-v1.1
C00933,returning,2025-01-30T20:57:07,demo-v1.1
C00934,returning,2024-02-07T22:04:23,demo-v1.1
C00935,returning,2024-02-24T05:28:51,demo-v1.1
C00936,new,2025-02-02T10:50:50,demo-v1.1
C00937,returning,2024-11-04T14:42:24,demo-v1.1
C00938,returning,2024-09-23T22:46:30,demo-v1.1
C00939,returning,2024-08-09T02:30:54,demo-v1.1
C00940,new,2025-01-07T13:16:44,demo-v1.1
C00941,returning,2024-02-04T02:20:56,demo-v1.1
C00942,returning,2024-10-11T16:59:25,demo-v1.1
C00943,returning,2024-04-18T08:58:14,demo-v1.1
C00944,new,2024-07-04T00:11:54,demo-v1.1
C00945,returning,2025-07-16T07:22:27,demo-v1.1
C00946,returning,2024-03-22T06:57:06,demo-v1.1
C00947,returning,2024-12-21T14:49:21,demo-v1.1
C00948,new,2024-08-02T15:31:13,demo-v1.1
C00949,returning,2025-05-18T12:59:41,demo-v1.1
C00950,returning,2025-05-11T10:08:16,demo-v1.1
C00951,returning,2025-01-07T01:37:22,demo-v1.1
C00952,new,2025-09-05T10:19:52,demo-v1.1
C00953,returning,2025-11-01T20:56:34,demo-v1.1
C00954,returning,2024-05-08T16:27:52,demo-v1.1
C00955,returning,2024-05-16T16:23:50,demo-v1.1
C00956,new,2024-10-16T22:06:55,demo-v1.1
C00957,returning,2025-11-09T00:23:59,demo-v1.1
C00958,returning,2025-12-18T23:42:54,demo-v1.1
C00959,returning,2025-03-01T18:13:31,demo-v1.1
C00960,new,2024-02-19T16:47:16,demo-v1.1
C00961,returning,2024-09-06T22:32:26,demo-v1.1
C00962,returning,2024-06-12T00:26:32,demo-v1.1
C00963,returning,2025-09-06T09:17:16,demo-v1.1
C00964,new,2025-12-29T02:26:16,demo-v1.1
C00965,returning,2024-04-06T20:07:38,demo-v1.1
C00966,returning,2024-07-21T13:49:04,demo-v1.1
C00967,returning,2024-09-16T18:09:38,demo-v1.1
C00968,new,2025-09-20T02:00:44,demo-v1.1
C00969,returning,2025-06-30T07:39:52,demo-v1.1
C00970,returning,2025-05-16T03:19:27,demo-v1.1
C00971,returning,2025-04-28T05:57:06,demo-v1.1
C00972,new,2024-03-13T19:05:17,demo-v1.1
C00973,returning,2025-02-22T16:14:59,demo-v1.1
C00974,returning,2024-05-20T21:55:21,demo-v1.1
C00975,returning,2024-12-05T16:46:05,demo-v1.1
C00976,new,2024-07-28T20:29:42,demo-v1.1
C00977,returning,2025-01-16T15:58:15,demo-v1.1
C00978,returning,2024-04-10T03:24:37,demo-v1.1
C00979,returning,2024-05-30T06:56:55,demo-v1.1
C00980,new,2024-10-28T07:46:20,demo-v1.1
C00981,returning,2025-09-24T20:52:16,demo-v1.1
C00982,returning,2025-07-18T15:20:41,demo-v1.1
C00983,returning,2025-07-02T21:46:33,demo-v1.1
C00984,new,2024-11-25T19:50:50,demo-v1.1
C00985,returning,2024-08-26T09:12:33,demo-v1.1
C00986,returning,2025-03-01T05:01:00,demo-v1.1
C00987,returning,2025-12-02T19:29:38,demo-v1.1
C00988,new,2025-02-02T11:50:13,demo-v1.1
C00989,returning,2024-02-11T01:54:02,demo-v1.1
C00990,returning,2024-06-27T20:43:29,demo-v1.1
C00991,returning,2025-04-01T00:03:33,demo-v1.1
C00992,new,2025-09-08T00:44:05,demo-v1.1
C00993,returning,2025-09-03T13:21:34,demo-v1.1
C00994,returning,2024-09-08T20:25:38,demo-v1.1
C00995,returning,2025-02-18T13:40:56,demo-v1.1
C00996,new,2025-03-12T19:18:30,demo-v1.1
C00997,returning,2024-12-01T05:03:43,demo-v1.1
C00998,returning,2024-12-08T23:50:10,demo-v1.1
C00999,returning,2025-06-27T08:43:34,demo-v1.1
C01000,new,2024-12-30T09:20:31,demo-v1.1
C01001,returning,2025-11-13T13:30:34,demo-v1.1
C01002,returning,2024-09-02T23:48:59,demo-v1.1
C01003,returning,2024-01-17T01:35:16,demo-v1.1
C01004,new,2025-11-25T08:02:25,demo-v1.1
C01005,returning,2024-01-12T17:54:42,demo-v1.1
C01006,returning,2024-09-08T15:18:33,demo-v1.1
C01007,returning,2025-09-26T23:46:13,demo-v1.1
C01008,new,2025-10-03T19:21:32,demo-v1.1
C01009,returning,2024-01-01T18:32:36,demo-v1.1
C01010,returning,2025-05-13T04:14:12,demo-v1.1
C01011,returning,2025-03-05T07:14:36,demo-v1.1
C01012,new,2025-02-21T22:08:28,demo-v1.1
C01013,returning,2024-08-01T09:13:56,demo-v1.1
C01014,returning,2025-10-25T07:29:13,demo-v1.1
C01015,returning,2025-05-02T11:46:25,demo-v1.1
C01016,new,2025-11-23T19:29:07,demo-v1.1
C01017,returning,2025-04-18T07:59:22,demo-v1.1
C01018,returning,2024-05-28T21:55:44,demo-v1.1
C01019,returning,2024-07-26T23:36:22,demo-v1.1
C01020,new,2024-10-06T21:51:54,demo-v1.1
C01021,returning,2025-06-02T04:12:22,demo-v1.1
C01022,returning,2025-06-11T04:05:57,demo-v1.1
C01023,returning,2025-07-23T07:36:58,demo-v1.1
C01024,new,2024-12-15T17:53:36,demo-v1.1
C01025,returning,2024-08-18T17:29:05,demo-v1.1
C01026,returning,2025-09-24T17:40:21,demo-v1.1
C01027,returning,2025-10-31T09:03:49,demo-v1.1
C01028,new,2025-05-07T05:56:44,demo-v1.1
C01029,returning,2025-10-08T04:28:04,demo-v1.1
C01030,returning,2024-07-02T22:55:33,demo-v1.1
C01031,returning,2024-11-21T22:09:14,demo-v1.1
C01032,new,2025-05-28T19:36:41,demo-v1.1
C01033,returning,2025-08-30T13:29:47,demo-v1.1
C01034,returning,2025-10-20T14:35:10,demo-v1.1
C01035,returning,2024-08-19T22:39:27,demo-v1.1
C01036,new,2025-08-09T08:48:24,demo-v1.1
C01037,returning,2024-07-18T23:53:48,demo-v1.1
C01038,returning,2024-08-11T18:45:55,demo-v1.1
C01039,returning,2025-02-04T13:50:10,demo-v1.1
C01040,new,2025-12-11T01:58:46,demo-v1.1
C01041,returning,2025-08-02T16:45:44,demo-v1.1
C01042,returning,2025-03-22T23:33:09,demo-v1.1
C01043,returning,2024-01-02T19:18:42,demo-v1.1
C01044,new,2024-03-30T18:44:50,demo-v1.1
C01045,returning,2025-11-16T22:34:23,demo-v1.1
C01046,returning,2025-09-07T14:21:05,demo-v1.1
C01047,returning,2024-09-07T19:10:17,demo-v1.1
C01048,new,2025-09-27T09:39:55,demo-v1.1
C01049,returning,2024-04-16T10:25:46,demo-v1.1
C01050,returning,2024-03-27T08:08:53,demo-v1.1
C01051,returning,2025-06-28T08:27:49,demo-v1.1
C01052,new,2025-07-24T18:25:25,demo-v1.1
C01053,returning,2024-12-12T21:00:58,demo-v1.1
C01054,returning,2024-04-14T19:51:38,demo-v1.1
C01055,returning,2024-11-12T02:30:36,demo-v1.1
C01056,new,2025-01-22T15:37:29,demo-v1.1
C01057,returning,2025-11-22T11:31:25,demo-v1.1
C01058,returning,2025-12-30T18:09:17,demo-v1.1
C01059,returning,2025-08-16T23:32:47,demo-v1.1
C01060,new,2024-01-11T13:19:45,demo-v1.1
C01061,returning,2025-12-16T06:08:23,demo-v1.1
C01062,returning,2024-10-05T16:25:37,demo-v1.1
C01063,returning,2025-08-05T17:41:32,demo-v1.1
C01064,new,2024-03-04T19:09:04,demo-v1.1
C01065,returning,2025-11-28T03:21:18,demo-v1.1
C01066,returning,2024-07-26T00:28:45,demo-v1.1
C01067,returning,2024-10-06T07:54:51,demo-v1.1
C01068,new,2025-07-08T21:37:15,demo-v1.1
C01069,returning,2024-11-14T09:42:06,demo-v1.1
C01070,returning,2024-11-01T16:38:38,demo-v1.1
C01071,returning,2024-06-18T14:24:53,demo-v1.1
C01072,new,2025-06-06T04:19:58,demo-v1.1
C01073,returning,2024-05-20T01:12:56,demo-v1.1
C01074,returning,2025-05-31T04:53:59,demo-v1.1
C01075,returning,2025-03-10T01:38:59,demo-v1.1
C01076,new,2025-06-30T16:07:22,demo-v1.1
C01077,returning,2024-12-29T09:56:49,demo-v1.1
C01078,returning,2025-09-03T14:35:23,demo-v1.1
C01079,returning,2024-10-25T22:32:29,demo-v1.1
C01080,new,2025-05-14T04:52:10,demo-v1.1
C01081,returning,2025-10-10T12:29:23,demo-v1.1
C01082,returning,2025-05-11T03:32:28,demo-v1.1
C01083,returning,2024-02-20T20:43:18,demo-v1.1
C01084,new,2025-10-18T21:31:53,demo-v1.1
C01085,returning,2024-11-26T08:43:48,demo-v1.1
C01086,returning,2025-03-25T17:30:38,demo-v1.1
C01087,returning,2025-12-11T06:31:35,demo-v1.1
C01088,new,2025-09-12T10:09:10,demo-v1.1
C01089,returning,2025-03-26T06:39:02,demo-v1.1
C01090,returning,2025-07-28T17:54:49,demo-v1.1
C01091,returning,2025-09-26T22:49:36,demo-v1.1
C01092,new,2024-09-18T07:22:05,demo-v1.1
C01093,returning,2025-03-29T21:47:09,demo-v1.1
C01094,returning,2025-02-12T20:38:18,demo-v1.1
C01095,returning,2025-06-09T06:21:28,demo-v1.1
C01096,new,2025-03-20T11:42:26,demo-v1.1
C01097,returning,2024-05-29T22:51:26,demo-v1.1
C01098,returning,2025-08-28T07:19:46,demo-v1.1
C01099,returning,2024-03-30T10:53:53,demo-v1.1
C01100,new,2024-07-16T09:42:41,demo-v1.1
C01101,returning,2024-08-07T16:33:28,demo-v1.1
C01102,returning,2024-07-17T21:53:55,demo-v1.1
C01103,returning,2024-04-01T15:09:17,demo-v1.1
C01104,new,2024-04-09T17:15:48,demo-v1.1
C01105,returning,2024-06-30T19:12:16,demo-v1.1
C01106,returning,2024-11-25T15:59:13,demo-v1.1
C01107,returning,2025-12-27T08:01:46,demo-v1.1
C01108,new,2024-04-22T23:55:39,demo-v1.1
C01109,returning,2025-07-15T14:15:43,demo-v1.1
C01110,returning,2025-01-13T03:43:11,demo-v1.1
C01111,returning,2024-05-16T16:29:07,demo-v1.1
C01112,new,2024-07-11T16:06:54,demo-v1.1
C01113,returning,2024-05-26T12:34:21,demo-v1.1
C01114,returning,2025-12-09T13:01:54,demo-v1.1
C01115,returning,2025-03-28T07:19:51,demo-v1.1
C01116,new,2024-06-24T23:25:09,demo-v1.1
C01117,returning,2024-11-25T03:58:16,demo-v1.1
C01118,returning,2024-09-28T13:21:23,demo-v1.1
C01119,returning,2024-04-12T07:57:18,demo-v1.1
C01120,new,2024-09-27T14:13:10,demo-v1.1
C01121,returning,2024-09-11T09:01:50,demo-v1.1
C01122,returning,2024-03-30T22:56:53,demo-v1.1
C01123,returning,2024-07-15T22:37:32,demo-v1.1
C01124,new,2025-10-25T17:34:17,demo-v1.1
C01125,returning,2025-05-18T00:26:47,demo-v1.1
C01126,returning,2025-08-10T14:37:31,demo-v1.1
C01127,returning,2024-02-07T10:11:39,demo-v1.1
C01128,new,2024-09-29T08:31:05,demo-v1.1
C01129,returning,2025-03-21T16:49:58,demo-v1.1
C01130,returning,2025-04-10T16:43:43,demo-v1.1
C01131,returning,2024-04-28T00:43:14,demo-v1.1
C01132,new,2025-03-11T23:34:33,demo-v1.1
C01133,returning,2025-06-08T13:26:12,demo-v1.1
C01134,returning,2024-08-03T21:30:27,demo-v1.1
C01135,returning,2025-04-25T04:21:09,demo-v1.1
C01136,new,2025-02-09T22:49:31,demo-v1.1
C01137,returning,2024-10-16T17:52:40,demo-v1.1
C01138,returning,2025-09-27T13:52:02,demo-v1.1
C01139,returning,2024-11-20T06:57:04,demo-v1.1
C01140,new,2024-11-01T12:10:59,demo-v1.1
C01141,returning,2025-01-24T00:56:41,demo-v1.1
C01142,returning,2025-11-16T08:31:11,demo-v1.1
C01143,returning,2025-05-26T10:49:50,demo-v1.1
C01144,new,2025-12-05T16:14:42,demo-v1.1
C01145,returning,2025-03-13T02:39:06,demo-v1.1
C01146,returning,2025-09-21T08:24:06,demo-v1.1
C01147,returning,2024-09-08T12:16:07,demo-v1.1
C01148,new,2025-10-01T19:08:30,demo-v1.1
C01149,returning,2025-05-12T08:39:27,demo-v1.1
C01150,returning,2024-11-17T10:21:11,demo-v1.1
C01151,returning,2024-04-08T02:05:10,demo-v1.1
C01152,new,2025-05-21T00:03:18,demo-v1.1
C01153,returning,2024-04-06T06:52:40,demo-v1.1
C01154,returning,2024-06-23T01:50:59,demo-v1.1
C01155,returning,2024-07-20T11:41:57,demo-v1.1
C01156,new,2024-03-07T05:52:26,demo-v1.1
C01157,returning,2024-08-02T11:04:47,demo-v1.1
C01158,returning,2024-05-02T21:06:48,demo-v1.1
C01159,returning,2024-07-13T10:36:39,demo-v1.1
C01160,new,2025-10-01T19:30:28,demo-v1.1
C01161,returning,2025-06-22T23:31:11,demo-v1.1
C01162,returning,2025-08-31T13:05:47,demo-v1.1
C01163,returning,2024-01-08T15:10:50,demo-v1.1
C01164,new,2024-10-13T16:38:00,demo-v1.1
C01165,returning,2024-08-19T18:15:12,demo-v1.1
C01166,returning,2025-04-14T09:59:27,demo-v1.1
C01167,returning,2024-06-27T13:32:07,demo-v1.1
C01168,new,2025-03-21T13:52:04,demo-v1.1
C01169,returning,2024-12-04T15:00:36,demo-v1.1
C01170,returning,2025-12-20T21:16:58,demo-v1.1
C01171,returning,2025-06-03T16:03:40,demo-v1.1
C01172,new,2024-08-11T08:01:14,demo-v1.1
C01173,returning,2025-02-11T16:12:35,demo-v1.1
C01174,returning,2024-03-05T04:26:10,demo-v1.1
C01175,returning,2025-04-06T02:57:13,demo-v1.1
C01176,new,2024-08-10T00:19:04,demo-v1.1
C01177,returning,2025-06-25T14:42:30,demo-v1.1
C01178,returning,2024-12-25T09:32:17,demo-v1.1
C01179,returning,2024-07-27T20:11:46,demo-v1.1
C01180,new,2025-12-01T04:09:29,demo-v1.1
C01181,returning,2024-10-23T15:54:47,demo-v1.1
C01182,returning,2025-01-07T16:22:44,demo-v1.1
C01183,returning,2025-12-05T14:26:21,demo-v1.1
C01184,new,2025-09-05T23:50:55,demo-v1.1
C01185,returning,2024-09-03T00:19:26,demo-v1.1
C01186,returning,2024-02-28T22:53:50,demo-v1.1
C01187,returning,2024-05-08T15:12:03,demo-v1.1
C01188,new,2025-08-03T00:06:21,demo-v1.1
C01189,returning,2025-09-11T14:30:14,demo-v1.1
C01190,returning,2024-12-16T05:20:10,demo-v1.1
C01191,returning,2024-01-19T08:25:20,demo-v1.1
C01192,new,2024-08-15T22:01:58,demo-v1.1
C01193,returning,2025-02-09T18:59:24,demo-v1.1
C01194,returning,2025-04-16T18:54:11,demo-v1.1
C01195,returning,2024-09-16T21:51:41,demo-v1.1
C01196,new,2024-08-22T03:49:29,demo-v1.1
C01197,returning,2024-04-30T05:04:37,demo-v1.1
C01198,returning,2025-01-12T00:17:21,demo-v1.1
C01199,returning,2025-11-13T21:31:16,demo-v1.1
C01200,new,2025-11-03T03:35:34,demo-v1.1
C01201,returning,2025-11-23T20:22:07,demo-v1.1
C01202,returning,2025-02-03T20:25:02,demo-v1.1
C01203,returning,2024-02-20T21:58:27,demo-v1.1
C01204,new,2024-08-15T21:08:46,demo-v1.1
C01205,returning,2025-02-03T10:11:05,demo-v1.1
C01206,returning,2024-11-06T05:37:44,demo-v1.1
C01207,returning,2025-05-18T07:10:02,demo-v1.1
C01208,new,2025-03-27T21:32:56,demo-v1.1
C01209,returning,2024-07-30T18:21:40,demo-v1.1
C01210,returning,2025-06-25T22:09:34,demo-v1.1
C01211,returning,2024-12-12T04:14:31,demo-v1.1
C01212,new,2024-02-29T13:38:17,demo-v1.1
C01213,returning,2025-06-03T18:22:29,demo-v1.1
C01214,returning,2025-09-08T21:53:58,demo-v1.1
C01215,returning,2024-03-04T17:26:17,demo-v1.1
C01216,new,2024-09-29T18:51:32,demo-v1.1
C01217,returning,2024-05-30T13:38:09,demo-v1.1
C01218,returning,2024-12-03T19:10:13,demo-v1.1
C01219,returning,2025-11-04T20:26:26,demo-v1.1
C01220,new,2024-11-22T06:37:00,demo-v1.1
C01221,returning,2024-05-30T17:27:06,demo-v1.1
C01222,returning,2025-08-11T10:40:04,demo-v1.1
C01223,returning,2024-07-15T15:09:46,demo-v1.1
C01224,new,2024-02-15T05:16:09,demo-v1.1
C01225,returning,2024-06-04T19:15:39,demo-v1.1
C01226,returning,2025-02-24T22:41:29,demo-v1.1
C01227,returning,2024-08-19T11:59:31,demo-v1.1
C01228,new,2024-12-05T21:59:50,demo-v1.1
C01229,returning,2025-08-08T02:29:17,demo-v1.1
C01230,returning,2025-10-07T21:45:47,demo-v1.1
C01231,returning,2025-12-07T08:56:45,demo-v1.1
C01232,new,2025-01-04T16:43:45,demo-v1.1
C01233,returning,2025-05-08T03:57:01,demo-v1.1
C01234,returning,2025-08-22T23:58:54,demo-v1.1
C01235,returning,2024-03-04T21:23:26,demo-v1.1
C01236,new,2024-11-20T15:46:47,demo-v1.1
C01237,returning,2025-03-04T09:20:44,demo-v1.1
C01238,returning,2024-05-16T09:27:36,demo-v1.1
C01239,returning,2025-03-16T19:55:32,demo-v1.1
C01240,new,2024-03-06T05:52:13,demo-v1.1
C01241,returning,2025-02-08T22:18:31,demo-v1.1
C01242,returning,2025-03-24T03:59:13,demo-v1.1
C01243,returning,2024-04-20T16:37:05,demo-v1.1
C01244,new,2025-12-10T15:31:25,demo-v1.1
C01245,returning,2025-08-14T06:40:15,demo-v1.1
C01246,returning,2025-02-21T05:57:53,demo-v1.1
C01247,returning,2025-07-09T05:21:39,demo-v1.1
C01248,new,2024-04-23T15:49:46,demo-v1.1
C01249,returning,2024-06-10T19:17:21,demo-v1.1
C01250,returning,2024-12-29T07:21:52,demo-v1.1
C01251,returning,2024-06-04T05:07:51,demo-v1.1
C01252,new,2024-08-25T09:54:11,demo-v1.1
C01253,returning,2024-01-27T08:13:12,demo-v1.1
C01254,returning,2024-12-22T04:20:30,demo-v1.1
C01255,returning,2024-02-14T06:47:58,demo-v1.1
C01256,new,2025-10-11T18:28:51,demo-v1.1
C01257,returning,2024-07-15T20:17:17,demo-v1.1
C01258,returning,2025-02-15T08:48:03,demo-v1.1
C01259,returning,2025-12-03T10:23:58,demo-v1.1
C01260,new,2025-06-18T20:12:48,demo-v1.1
C01261,returning,2024-08-18T05:33:52,demo-v1.1
C01262,returning,2024-05-29T06:36:48,demo-v1.1
C01263,returning,2025-10-25T17:35:31,demo-v1.1
C01264,new,2024-11-11T09:13:12,demo-v1.1
C01265,returning,2024-11-21T07:21:51,demo-v1.1
C01266,returning,2025-05-02T08:25:46,demo-v1.1
C01267,returning,2025-11-06T12:53:53,demo-v1.1
C01268,new,2024-03-01T20:23:33,demo-v1.1
C01269,returning,2025-12-03T15:35:05,demo-v1.1
C01270,returning,2025-02-20T20:28:25,demo-v1.1
C01271,returning,2025-09-25T14:18:39,demo-v1.1
C01272,new,2025-04-21T04:17:15,demo-v1.1
C01273,returning,2025-11-12T16:03:36,demo-v1.1
C01274,returning,2024-04-24T04:33:05,demo-v1.1
C01275,returning,2025-10-20T09:44:20,demo-v1.1
C01276,new,2025-02-02T15:52:13,demo-v1.1
C01277,returning,2024-11-29T20:36:43,demo-v1.1
C01278,returning,2025-04-04T19:13:47,demo-v1.1
C01279,returning,2024-04-18T05:05:00,demo-v1.1
C01280,new,2025-08-19T08:15:48,demo-v1.1
C01281,returning,2025-08-14T19:03:45,demo-v1.1
C01282,returning,2025-05-23T22:02:59,demo-v1.1
C01283,returning,2024-12-11T20:40:31,demo-v1.1
C01284,new,2025-08-21T00:31:20,demo-v1.1
C01285,returning,2024-06-18T14:24:00,demo-v1.1
C01286,returning,2024-06-24T12:13:23,demo-v1.1
C01287,returning,2024-11-20T08:20:29,demo-v1.1
C01288,new,2025-03-29T21:06:00,demo-v1.1
C01289,returning,2025-01-10T07:35:36,demo-v1.1
C01290,returning,2024-11-14T06:21:58,demo-v1.1
C01291,returning,2024-04-28T15:29:55,demo-v1.1
C01292,new,2024-02-12T08:00:00,demo-v1.1
C01293,returning,2025-11-08T14:58:37,demo-v1.1
C01294,returning,2025-11-08T07:21:00,demo-v1.1
C01295,returning,2024-11-18T17:00:48,demo-v1.1
C01296,new,2025-01-24T13:31:53,demo-v1.1
C01297,returning,2024-10-01T13:22:03,demo-v1.1
C01298,returning,2024-08-17T19:34:28,demo-v1.1
C01299,returning,2025-03-13T21:19:52,demo-v1.1
C01300,new,2025-10-15T02:47:02,demo-v1.1
C01301,returning,2025-07-14T19:46:49,demo-v1.1
C01302,returning,2025-07-19T07:44:11,demo-v1.1
C01303,returning,2024-05-23T13:32:30,demo-v1.1
C01304,new,2025-05-11T17:12:38,demo-v1.1
C01305,returning,2025-03-19T13:34:57,demo-v1.1
C01306,returning,2025-01-30T16:08:01,demo-v1.1
C01307,returning,2025-12-20T14:54:12,demo-v1.1
C01308,new,2025-03-18T10:03:11,demo-v1.1
C01309,returning,2024-06-03T02:00:20,demo-v1.1
C01310,returning,2025-06-29T18:06:16,demo-v1.1
C01311,returning,2024-05-28T19:16:33,demo-v1.1
C01312,new,2025-08-03T22:35:59,demo-v1.1
C01313,returning,2024-07-01T02:15:53,demo-v1.1
C01314,returning,2024-05-28T03:18:43,demo-v1.1
C01315,returning,2024-07-22T06:34:11,demo-v1.1
C01316,new,2025-02-13T21:49:01,demo-v1.1
C01317,returning,2025-10-08T00:47:22,demo-v1.1
C01318,returning,2024-06-14T18:44:24,demo-v1.1
C01319,returning,2024-05-31T09:49:47,demo-v1.1
C01320,new,2024-04-22T15:50:53,demo-v1.1
C01321,returning,2024-02-15T04:20:34,demo-v1.1
C01322,returning,2025-04-15T04:24:17,demo-v1.1
C01323,returning,2024-12-23T08:17:30,demo-v1.1
C01324,new,2024-02-26T10:29:08,demo-v1.1
C01325,returning,2024-04-11T04:19:40,demo-v1.1
C01326,returning,2025-03-13T07:33:55,demo-v1.1
C01327,returning,2024-06-03T23:28:58,demo-v1.1
C01328,new,2025-04-11T12:41:40,demo-v1.1
C01329,returning,2025-03-10T01:51:44,demo-v1.1
C01330,returning,2025-10-27T22:58:50,demo-v1.1
C01331,returning,2025-12-12T09:13:23,demo-v1.1
C01332,new,2024-05-31T06:52:17,demo-v1.1
C01333,returning,2024-02-15T03:28:15,demo-v1.1
C01334,returning,2025-10-18T01:22:10,demo-v1.1
C01335,returning,2024-04-22T04:05:44,demo-v1.1
C01336,new,2024-01-01T08:46:54,demo-v1.1
C01337,returning,2024-02-10T10:46:56,demo-v1.1
C01338,returning,2025-04-27T15:49:20,demo-v1.1
C01339,returning,2025-05-11T17:33:34,demo-v1.1
C01340,new,2025-07-12T12:28:40,demo-v1.1
C01341,returning,2024-10-19T04:14:02,demo-v1.1
C01342,returning,2024-09-29T04:13:26,demo-v1.1
C01343,returning,2024-10-18T12:57:28,demo-v1.1
C01344,new,2025-10-18T04:24:25,demo-v1.1
C01345,returning,2025-11-06T22:09:02,demo-v1.1
C01346,returning,2025-05-25T12:54:44,demo-v1.1
C01347,returning,2025-09-24T03:39:32,demo-v1.1
C01348,new,2025-09-06T07:17:56,demo-v1.1
C01349,returning,2024-04-13T02:31:37,demo-v1.1
C01350,returning,2025-01-24T15:14:35,demo-v1.1
C01351,returning,2024-09-27T11:50:51,demo-v1.1
C01352,new,2025-02-21T07:35:58,demo-v1.1
C01353,returning,2024-09-01T22:28:41,demo-v1.1
C01354,returning,2024-12-11T22:07:38,demo-v1.1
C01355,returning,2024-07-28T00:33:26,demo-v1.1
C01356,new,2025-11-22T03:49:53,demo-v1.1
C01357,returning,2025-07-13T22:06:22,demo-v1.1
C01358,returning,2024-03-26T22:51:22,demo-v1.1
C01359,returning,2025-12-21T01:36:07,demo-v1.1
C01360,new,2025-03-05T03:49:31,demo-v1.1
C01361,returning,2025-05-08T10:56:06,demo-v1.1
C01362,returning,2024-01-18T08:51:12,demo-v1.1
C01363,returning,2025-09-03T18:48:43,demo-v1.1
C01364,new,2025-03-29T00:19:29,demo-v1.1
C01365,returning,2025-09-28T04:41:24,demo-v1.1
C01366,returning,2024-02-20T04:16:38,demo-v1.1
C01367,returning,2025-04-06T07:01:10,demo-v1.1
C01368,new,2025-09-17T01:06:43,demo-v1.1
C01369,returning,2024-09-12T11:59:20,demo-v1.1
C01370,returning,2024-05-09T19:05:01,demo-v1.1
C01371,returning,2024-10-17T21:53:05,demo-v1.1
C01372,new,2025-01-30T08:22:09,demo-v1.1
C01373,returning,2024-01-16T17:20:20,demo-v1.1
C01374,returning,2025-01-19T17:23:27,demo-v1.1
C01375,returning,2024-05-01T12:59:09,demo-v1.1
C01376,new,2025-09-16T15:39:16,demo-v1.1
C01377,returning,2024-09-21T12:52:03,demo-v1.1
C01378,returning,2025-09-09T19:14:05,demo-v1.1
C01379,returning,2024-08-27T17:19:03,demo-v1.1
C01380,new,2025-10-18T00:10:23,demo-v1.1
C01381,returning,2025-07-07T01:59:35,demo-v1.1
C01382,returning,2024-11-21T17:07:55,demo-v1.1
C01383,returning,2024-04-02T15:08:18,demo-v1.1
C01384,new,2024-09-06T21:34:11,demo-v1.1
C01385,returning,2024-11-24T07:07:16,demo-v1.1
C01386,returning,2025-09-19T01:07:46,demo-v1.1
C01387,returning,2025-04-05T23:44:11,demo-v1.1
C01388,new,2024-03-22T07:22:10,demo-v1.1
C01389,returning,2025-02-19T05:52:08,demo-v1.1
C01390,returning,2024-06-28T15:19:37,demo-v1.1
C01391,returning,2024-09-21T11:23:15,demo-v1.1
C01392,new,2024-03-04T09:07:25,demo-v1.1
C01393,returning,2024-07-08T16:51:15,demo-v1.1
C01394,returning,2025-10-13T16:52:56,demo-v1.1
C01395,returning,2024-10-30T06:00:45,demo-v1.1
C01396,new,2024-06-20T18:44:23,demo-v1.1
C01397,returning,2024-05-20T06:14:52,demo-v1.1
C01398,returning,2025-10-13T19:17:57,demo-v1.1
C01399,returning,2024-08-21T06:31:21,demo-v1.1
C01400,new,2025-09-18T16:26:07,demo-v1.1
C01401,returning,2025-04-20T17:53:12,demo-v1.1
C01402,returning,2024-06-08T10:57:06,demo-v1.1
C01403,returning,2025-06-27T05:03:46,demo-v1.1
C01404,new,2025-03-31T01:06:11,demo-v1.1
C01405,returning,2025-04-29T04:38:16,demo-v1.1
C01406,returning,2025-10-28T12:42:47,demo-v1.1
C01407,returning,2025-05-12T13:53:59,demo-v1.1
C01408,new,2024-08-05T01:00:21,demo-v1.1
C01409,returning,2025-07-13T23:49:40,demo-v1.1
C01410,returning,2025-12-01T13:18:48,demo-v1.1
C01411,returning,2024-07-14T18:29:03,demo-v1.1
C01412,new,2025-07-13T00:40:53,demo-v1.1
C01413,returning,2024-08-15T13:00:42,demo-v1.1
C01414,returning,2024-02-27T01:45:30,demo-v1.1
C01415,returning,2025-04-09T06:17:24,demo-v1.1
C01416,new,2024-05-29T21:22:13,demo-v1.1
C01417,returning,2024-07-01T00:57:55,demo-v1.1
C01418,returning,2024-06-18T07:13:08,demo-v1.1
C01419,returning,2024-08-21T15:04:07,demo-v1.1
C01420,new,2024-09-02T16:26:53,demo-v1.1
C01421,returning,2024-09-01T18:24:08,demo-v1.1
C01422,returning,2025-11-07T02:24:33,demo-v1.1
C01423,returning,2024-03-07T10:57:05,demo-v1.1
C01424,new,2024-11-21T00:24:18,demo-v1.1
C01425,returning,2025-12-20T00:46:19,demo-v1.1
C01426,returning,2024-02-25T17:30:57,demo-v1.1
C01427,returning,2024-05-21T22:43:59,demo-v1.1
C01428,new,2024-03-31T15:02:08,demo-v1.1
C01429,returning,2025-01-29T08:30:46,demo-v1.1
C01430,returning,2025-03-21T22:46:09,demo-v1.1
C01431,returning,2024-10-04T16:39:10,demo-v1.1
C01432,new,2025-08-21T01:13:09,demo-v1.1
C01433,returning,2025-10-13T04:16:59,demo-v1.1
C01434,returning,2025-08-03T20:53:15,demo-v1.1
C01435,returning,2024-12-18T17:24:09,demo-v1.1
C01436,new,2024-11-30T04:55:10,demo-v1.1
C01437,returning,2024-08-27T22:48:32,demo-v1.1
C01438,returning,2024-06-09T15:06:32,demo-v1.1
C01439,returning,2025-08-27T12:52:01,demo-v1.1
C01440,new,2024-07-18T15:34:47,demo-v1.1
C01441,returning,2025-06-01T11:34:55,demo-v1.1
C01442,returning,2025-11-27T14:28:51,demo-v1.1
C01443,returning,2025-02-18T22:52:54,demo-v1.1
C01444,new,2025-11-22T15:35:58,demo-v1.1
C01445,returning,2025-02-20T06:35:32,demo-v1.1
C01446,returning,2025-09-13T08:53:07,demo-v1.1
C01447,returning,2025-12-23T04:19:02,demo-v1.1
C01448,new,2024-08-28T14:10:08,demo-v1.1
C01449,returning,2025-05-20T12:28:06,demo-v1.1
C01450,returning,2025-05-06T05:26:04,demo-v1.1
C01451,returning,2025-07-10T14:48:47,demo-v1.1
C01452,new,2024-11-07T17:37:26,demo-v1.1
C01453,returning,2025-02-03T01:43:22,demo-v1.1
C01454,returning,2025-08-14T00:43:55,demo-v1.1
C01455,returning,2024-09-20T09:14:07,demo-v1.1
C01456,new,2025-04-24T07:18:03,demo-v1.1
C01457,returning,2024-09-06T17:11:21,demo-v1.1
C01458,returning,2024-09-16T22:18:10,demo-v1.1
C01459,returning,2025-02-28T21:40:05,demo-v1.1
C01460,new,2024-10-30T01:14:04,demo-v1.1
C01461,returning,2025-12-21T22:14:19,demo-v1.1
C01462,returning,2025-09-01T22:05:47,demo-v1.1
C01463,returning,2024-01-08T03:42:49,demo-v1.1
C01464,new,2025-06-26T14:14:40,demo-v1.1
C01465,returning,2025-07-23T21:51:13,demo-v1.1
C01466,returning,2025-05-05T22:20:20,demo-v1.1
C01467,returning,2025-02-14T14:01:37,demo-v1.1
C01468,new,2024-01-22T20:23:14,demo-v1.1
C01469,returning,2025-02-20T13:59:14,demo-v1.1
C01470,returning,2024-10-27T09:59:35,demo-v1.1
C01471,returning,2025-10-15T03:43:53,demo-v1.1
C01472,new,2024-03-07T22:53:25,demo-v1.1
C01473,returning,2025-01-27T16:26:38,demo-v1.1
C01474,returning,2024-09-18T08:46:37,demo-v1.1
C01475,returning,2024-04-10T11:24:26,demo-v1.1
C01476,new,2025-02-23T18:17:45,demo-v1.1
C01477,returning,2025-12-25T02:37:48,demo-v1.1
C01478,returning,2025-05-20T03:58:29,demo-v1.1
C01479,returning,2025-06-17T05:01:16,demo-v1.1
C01480,new,2024-12-28T23:26:37,demo-v1.1
C01481,returning,2025-02-22T04:57:39,demo-v1.1
C01482,returning,2024-04-23T19:16:53,demo-v1.1
C01483,returning,2025-04-06T20:37:59,demo-v1.1
C01484,new,2024-11-04T06:09:54,demo-v1.1
C01485,returning,2024-06-13T07:09:12,demo-v1.1
C01486,returning,2024-05-18T06:06:29,demo-v1.1
C01487,returning,2025-11-03T20:15:58,demo-v1.1
C01488,new,2025-06-25T13:49:58,demo-v1.1
C01489,returning,2025-09-19T18:32:11,demo-v1.1
C01490,returning,2024-11-18T18:30:26,demo-v1.1
C01491,returning,2025-04-19T13:25:09,demo-v1.1
C01492,new,2025-04-09T02:02:16,demo-v1.1
C01493,returning,2024-08-12T00:12:24,demo-v1.1
C01494,returning,2024-07-18T22:59:18,demo-v1.1
C01495,returning,2024-11-23T00:33:55,demo-v1.1
C01496,new,2024-12-08T22:38:22,demo-v1.1
C01497,returning,2025-10-08T05:29:47,demo-v1.1
C01498,returning,2025-02-22T09:12:27,demo-v1.1
C01499,returning,2025-12-12T09:12:11,demo-v1.1
C01500,new,2025-02-17T16:34:34,demo-v1.1
C01501,returning,2025-07-28T11:32:43,demo-v1.1
C01502,returning,2025-05-20T02:33:57,demo-v1.1
C01503,returning,2025-07-23T01:44:22,demo-v1.1
C01504,new,2024-05-03T10:56:19,demo-v1.1
C01505,returning,2024-03-17T22:32:34,demo-v1.1
C01506,returning,2024-12-19T02:51:36,demo-v1.1
C01507,returning,2025-12-10T18:56:34,demo-v1.1
C01508,new,2024-04-12T22:37:49,demo-v1.1
C01509,returning,2024-05-29T02:45:49,demo-v1.1
C01510,returning,2025-05-26T21:48:28,demo-v1.1
C01511,returning,2024-03-13T11:26:44,demo-v1.1
C01512,new,2025-12-21T08:50:38,demo-v1.1
C01513,returning,2024-03-27T02:15:10,demo-v1.1
C01514,returning,2025-09-11T13:30:57,demo-v1.1
C01515,returning,2024-03-10T04:05:17,demo-v1.1
C01516,new,2024-06-21T11:31:08,demo-v1.1
C01517,returning,2024-04-27T18:35:41,demo-v1.1
C01518,returning,2025-03-14T14:53:42,demo-v1.1
C01519,returning,2025-05-16T11:21:34,demo-v1.1
C01520,new,2024-01-08T11:01:58,demo-v1.1
C01521,returning,2024-01-11T00:15:45,demo-v1.1
C01522,returning,2025-09-30T05:28:51,demo-v1.1
C01523,returning,2025-09-04T17:25:36,demo-v1.1
C01524,new,2025-10-03T03:35:41,demo-v1.1
C01525,returning,2025-10-25T12:36:20,demo-v1.1
C01526,returning,2025-11-09T13:17:51,demo-v1.1
C01527,returning,2025-05-23T02:40:24,demo-v1.1
C01528,new,2024-02-12T15:29:35,demo-v1.1
C01529,returning,2024-02-13T15:11:22,demo-v1.1
C01530,returning,2025-04-04T07:50:57,demo-v1.1
C01531,returning,2024-01-22T12:27:55,demo-v1.1
C01532,new,2025-06-13T23:24:50,demo-v1.1
C01533,returning,2024-02-10T05:08:05,demo-v1.1
C01534,returning,2024-04-11T11:52:33,demo-v1.1
C01535,returning,2025-06-20T00:35:41,demo-v1.1
C01536,new,2025-12-09T10:28:15,demo-v1.1
C01537,returning,2025-01-15T01:23:13,demo-v1.1
C01538,returning,2024-11-05T17:38:43,demo-v1.1
C01539,returning,2025-05-26T03:49:08,demo-v1.1
C01540,new,2025-11-19T10:14:44,demo-v1.1
C01541,returning,2025-02-28T07:48:27,demo-v1.1
C01542,returning,2024-12-19T22:24:29,demo-v1.1
C01543,returning,2025-11-08T08:23:39,demo-v1.1
C01544,new,2024-09-13T10:20:42,demo-v1.1
C01545,returning,2025-06-19T19:45:07,demo-v1.1
C01546,returning,2024-08-24T04:01:19,demo-v1.1
C01547,returning,2025-04-25T08:40:17,demo-v1.1
C01548,new,2025-07-12T01:30:16,demo-v1.1
C01549,returning,2024-02-15T04:52:19,demo-v1.1
C01550,returning,2025-05-29T14:53:51,demo-v1.1
C01551,returning,2025-11-28T11:53:09,demo-v1.1
C01552,new,2024-05-29T06:08:08,demo-v1.1
C01553,returning,2025-04-28T11:48:31,demo-v1.1
C01554,returning,2025-12-13T10:38:44,demo-v1.1
C01555,returning,2024-04-15T12:50:40,demo-v1.1
C01556,new,2024-07-15T09:35:41,demo-v1.1
C01557,returning,2025-09-23T16:51:06,demo-v1.1
C01558,returning,2025-03-22T21:03:11,demo-v1.1
C01559,returning,2024-11-22T20:32:47,demo-v1.1
C01560,new,2025-05-04T10:04:06,demo-v1.1
C01561,returning,2024-09-05T08:44:53,demo-v1.1
C01562,returning,2024-08-21T07:40:01,demo-v1.1
C01563,returning,2025-12-15T06:43:16,demo-v1.1
C01564,new,2024-07-22T21:36:49,demo-v1.1
C01565,returning,2024-05-22T17:56:31,demo-v1.1
C01566,returning,2025-05-28T15:04:43,demo-v1.1
C01567,returning,2024-05-03T01:36:33,demo-v1.1
C01568,new,2025-10-07T22:18:58,demo-v1.1
C01569,returning,2025-04-09T01:42:25,demo-v1.1
C01570,returning,2025-03-07T02:02:42,demo-v1.1
C01571,returning,2025-06-17T03:28:28,demo-v1.1
C01572,new,2025-03-29T00:05:20,demo-v1.1
C01573,returning,2024-01-13T16:15:21,demo-v1.1
C01574,returning,2025-03-15T09:21:16,demo-v1.1
C01575,returning,2024-06-09T05:56:40,demo-v1.1
C01576,new,2024-03-07T10:56:46,demo-v1.1
C01577,returning,2025-07-31T04:58:53,demo-v1.1
C01578,returning,2025-05-30T12:01:40,demo-v1.1
C01579,returning,2024-11-23T03:14:01,demo-v1.1
C01580,new,2025-10-17T13:06:36,demo-v1.1
C01581,returning,2024-10-15T17:46:08,demo-v1.1
C01582,returning,2025-11-12T23:17:29,demo-v1.1
C01583,returning,2024-10-30T09:34:53,demo-v1.1
C01584,new,2024-11-17T15:13:25,demo-v1.1
C01585,returning,2025-09-27T12:28:54,demo-v1.1
C01586,returning,2024-08-14T06:51:02,demo-v1.1
C01587,returning,2025-02-10T23:55:32,demo-v1.1
C01588,new,2025-01-07T01:45:09,demo-v1.1
C01589,returning,2025-01-05T15:49:29,demo-v1.1
C01590,returning,2024-07-19T19:12:35,demo-v1.1
C01591,returning,2024-10-09T04:53:29,demo-v1.1
C01592,new,2025-01-06T10:50:18,demo-v1.1
C01593,returning,2024-01-16T00:20:10,demo-v1.1
C01594,returning,2025-09-24T03:29:35,demo-v1.1
C01595,returning,2024-04-12T11:06:50,demo-v1.1
C01596,new,2025-10-11T23:02:01,demo-v1.1
C01597,returning,2024-04-17T05:42:28,demo-v1.1
C01598,returning,2025-03-19T15:52:43,demo-v1.1
C01599,returning,2024-12-05T15:16:18,demo-v1.1
C01600,new,2024-06-18T14:04:45,demo-v1.1
C01601,returning,2025-01-25T02:55:25,demo-v1.1
C01602,returning,2024-10-31T05:12:30,demo-v1.1
C01603,returning,2024-03-15T23:25:21,demo-v1.1
C01604,new,2024-11-15T01:10:52,demo-v1.1
C01605,returning,2025-07-18T22:26:22,demo-v1.1
C01606,returning,2024-07-20T19:07:11,demo-v1.1
C01607,returning,2024-08-28T03:27:08,demo-v1.1
C01608,new,2024-11-02T23:53:33,demo-v1.1
C01609,returning,2025-04-04T03:03:00,demo-v1.1
C01610,returning,2025-02-06T12:36:55,demo-v1.1
C01611,returning,2024-10-31T15:27:52,demo-v1.1
C01612,new,2025-11-05T05:06:00,demo-v1.1
C01613,returning,2024-03-31T12:44:24,demo-v1.1
C01614,returning,2024-04-25T15:50:07,demo-v1.1
C01615,returning,2024-05-28T00:41:16,demo-v1.1
C01616,new,2024-02-01T16:29:41,demo-v1.1
C01617,returning,2025-04-09T14:41:36,demo-v1.1
C01618,returning,2024-12-18T23:30:31,demo-v1.1
C01619,returning,2024-12-25T16:15:03,demo-v1.1
C01620,new,2025-01-20T09:20:46,demo-v1.1
C01621,returning,2025-08-19T11:54:42,demo-v1.1
C01622,returning,2025-08-19T20:27:14,demo-v1.1
C01623,returning,2025-10-20T01:37:01,demo-v1.1
C01624,new,2025-01-26T11:02:18,demo-v1.1
C01625,returning,2024-11-11T07:48:21,demo-v1.1
C01626,returning,2024-11-30T08:45:06,demo-v1.1
C01627,returning,2024-02-17T13:11:40,demo-v1.1
C01628,new,2025-12-24T01:50:13,demo-v1.1
C01629,returning,2025-01-31T00:45:39,demo-v1.1
C01630,returning,2025-01-24T15:08:34,demo-v1.1
C01631,returning,2025-02-22T00:33:55,demo-v1.1
C01632,new,2024-01-08T10:38:01,demo-v1.1
C01633,returning,2025-03-14T12:30:43,demo-v1.1
C01634,returning,2025-05-02T10:29:42,demo-v1.1
C01635,returning,2025-09-20T10:08:42,demo-v1.1
C01636,new,2025-04-25T00:20:27,demo-v1.1
C01637,returning,2025-02-13T09:28:21,demo-v1.1
C01638,returning,2025-12-24T13:59:01,demo-v1.1
C01639,returning,2025-02-03T02:16:45,demo-v1.1
C01640,new,2024-10-14T22:03:53,demo-v1.1
C01641,returning,2025-10-23T09:26:27,demo-v1.1
C01642,returning,2024-02-25T14:37:16,demo-v1.1
C01643,returning,2024-10-16T02:54:00,demo-v1.1
C01644,new,2025-05-03T09:25:28,demo-v1.1
C01645,returning,2024-04-06T00:28:54,demo-v1.1
C01646,returning,2025-02-12T19:34:10,demo-v1.1
C01647,returning,2024-05-12T21:39:09,demo-v1.1
C01648,new,2025-10-10T08:00:01,demo-v1.1
C01649,returning,2025-08-01T23:47:16,demo-v1.1
C01650,returning,2024-10-27T14:17:41,demo-v1.1
C01651,returning,2025-01-14T21:53:02,demo-v1.1
C01652,new,2024-11-26T11:47:38,demo-v1.1
C01653,returning,2024-03-14T17:36:50,demo-v1.1
C01654,returning,2024-03-22T10:16:33,demo-v1.1
C01655,returning,2025-01-07T21:39:17,demo-v1.1
C01656,new,2024-05-03T14:03:09,demo-v1.1
C01657,returning,2025-05-19T03:22:08,demo-v1.1
C01658,returning,2024-04-01T23:31:20,demo-v1.1
C01659,returning,2025-08-09T00:06:15,demo-v1.1
C01660,new,2025-08-19T02:13:13,demo-v1.1
C01661,returning,2025-11-16T03:19:10,demo-v1.1
C01662,returning,2024-07-17T04:34:52,demo-v1.1
C01663,returning,2024-09-12T18:21:08,demo-v1.1
C01664,new,2025-09-07T19:45:30,demo-v1.1
C01665,returning,2025-11-19T22:21:38,demo-v1.1
C01666,returning,2024-09-29T19:02:19,demo-v1.1
C01667,returning,2025-04-17T04:47:08,demo-v1.1
C01668,new,2025-03-15T23:19:55,demo-v1.1
C01669,returning,2024-05-29T19:40:24,demo-v1.1
C01670,returning,2024-06-24T10:01:19,demo-v1.1
C01671,returning,2024-09-09T01:17:39,demo-v1.1
C01672,new,2024-01-14T04:15:32,demo-v1.1
C01673,returning,2025-12-10T20:44:24,demo-v1.1
C01674,returning,2025-04-20T17:08:00,demo-v1.1
C01675,returning,2025-02-23T22:38:50,demo-v1.1
C01676,new,2024-01-05T20:16:33,demo-v1.1
C01677,returning,2025-08-24T17:16:29,demo-v1.1
C01678,returning,2024-06-12T10:53:58,demo-v1.1
C01679,returning,2025-07-29T23:12:49,demo-v1.1
C01680,new,2024-04-30T08:20:13,demo-v1.1
C01681,returning,2024-09-01T04:24:43,demo-v1.1
C01682,returning,2024-11-12T14:21:36,demo-v1.1
C01683,returning,2025-02-05T04:23:27,demo-v1.1
C01684,new,2024-06-20T22:24:40,demo-v1.1
C01685,returning,2024-03-06T15:44:51,demo-v1.1
C01686,returning,2024-11-18T21:46:26,demo-v1.1
C01687,returning,2025-12-25T03:22:54,demo-v1.1
C01688,new,2025-11-28T05:48:22,demo-v1.1
C01689,returning,2025-02-14T23:02:01,demo-v1.1
C01690,returning,2024-05-13T08:26:36,demo-v1.1
C01691,returning,2024-01-21T03:21:14,demo-v1.1
C01692,new,2025-02-27T15:45:35,demo-v1.1
C01693,returning,2024-05-27T03:54:46,demo-v1.1
C01694,returning,2025-07-07T19:24:38,demo-v1.1
C01695,returning,2024-09-24T18:09:17,demo-v1.1
C01696,new,2024-08-23T03:44:35,demo-v1.1
C01697,returning,2025-02-23T02:40:54,demo-v1.1
C01698,returning,2025-11-22T12:27:05,demo-v1.1
C01699,returning,2024-02-04T06:19:41,demo-v1.1
C01700,new,2024-06-02T09:31:45,demo-v1.1
C01701,returning,2025-09-22T21:24:49,demo-v1.1
C01702,returning,2025-10-14T19:14:30,demo-v1.1
C01703,returning,2025-01-30T04:12:46,demo-v1.1
C01704,new,2025-09-25T00:41:00,demo-v1.1
C01705,returning,2025-10-28T07:09:25,demo-v1.1
C01706,returning,2025-02-16T17:56:20,demo-v1.1
C01707,returning,2025-01-01T14:05:11,demo-v1.1
C01708,new,2025-07-10T08:09:01,demo-v1.1
C01709,returning,2024-08-20T00:40:32,demo-v1.1
C01710,returning,2025-11-25T00:33:15,demo-v1.1
C01711,returning,2025-10-12T08:53:19,demo-v1.1
C01712,new,2025-01-20T02:47:10,demo-v1.1
C01713,returning,2025-01-04T11:26:49,demo-v1.1
C01714,returning,2024-06-27T08:11:28,demo-v1.1
C01715,returning,2024-04-13T01:26:17,demo-v1.1
C01716,new,2024-06-04T19:26:05,demo-v1.1
C01717,returning,2025-11-29T02:42:42,demo-v1.1
C01718,returning,2024-07-01T09:49:01,demo-v1.1
C01719,returning,2024-05-18T07:09:56,demo-v1.1
C01720,new,2025-11-18T13:36:06,demo-v1.1
C01721,returning,2024-10-06T07:42:29,demo-v1.1
C01722,returning,2024-08-06T10:34:46,demo-v1.1
C01723,returning,2024-09-26T02:44:35,demo-v1.1
C01724,new,2025-01-16T18:47:52,demo-v1.1
C01725,returning,2025-01-05T20:56:29,demo-v1.1
C01726,returning,2025-11-08T06:15:35,demo-v1.1
C01727,returning,2025-07-02T18:52:50,demo-v1.1
C01728,new,2025-08-06T17:59:26,demo-v1.1
C01729,returning,2025-05-24T11:00:59,demo-v1.1
C01730,returning,2024-04-11T12:55:20,demo-v1.1
C01731,returning,2024-06-18T12:11:37,demo-v1.1
C01732,new,2025-03-24T19:44:27,demo-v1.1
C01733,returning,2024-10-16T03:57:31,demo-v1.1
C01734,returning,2024-03-28T00:10:59,demo-v1.1
C01735,returning,2024-07-02T01:40:32,demo-v1.1
C01736,new,2025-03-24T11:26:27,demo-v1.1
C01737,returning,2024-03-03T11:51:19,demo-v1.1
C01738,returning,2024-04-06T09:04:03,demo-v1.1
C01739,returning,2025-08-25T18:42:52,demo-v1.1
C01740,new,2025-03-21T01:54:26,demo-v1.1
C01741,returning,2024-09-12T08:17:26,demo-v1.1
C01742,returning,2024-08-15T18:27:20,demo-v1.1
C01743,returning,2024-10-07T21:13:40,demo-v1.1
C01744,new,2025-02-17T15:18:22,demo-v1.1
C01745,returning,2024-08-12T02:37:11,demo-v1.1
C01746,returning,2025-10-10T02:13:07,demo-v1.1
C01747,returning,2025-05-06T09:47:34,demo-v1.1
C01748,new,2024-05-11T20:14:27,demo-v1.1
C01749,returning,2024-05-08T21:46:58,demo-v1.1
C01750,returning,2025-08-10T05:01:55,demo-v1.1
C01751,returning,2024-03-25T02:08:23,demo-v1.1
C01752,new,2024-02-13T15:21:00,demo-v1.1
C01753,returning,2025-02-28T07:56:09,demo-v1.1
C01754,returning,2024-03-26T22:59:29,demo-v1.1
C01755,returning,2025-08-15T18:46:09,demo-v1.1
C01756,new,2024-02-01T02:09:58,demo-v1.1
C01757,returning,2024-10-26T17:48:03,demo-v1.1
C01758,returning,2024-02-17T02:50:03,demo-v1.1
C01759,returning,2025-11-22T09:02:48,demo-v1.1
C01760,new,2024-07-21T00:57:38,demo-v1.1
C01761,returning,2025-10-03T03:26:56,demo-v1.1
C01762,returning,2025-03-31T17:07:19,demo-v1.1
C01763,returning,2025-07-14T20:25:39,demo-v1.1
C01764,new,2025-09-01T21:26:47,demo-v1.1
C01765,returning,2025-08-02T22:17:33,demo-v1.1
C01766,returning,2024-11-20T09:35:57,demo-v1.1
C01767,returning,2024-08-04T12:59:46,demo-v1.1
C01768,new,2024-07-06T08:01:47,demo-v1.1
C01769,returning,2025-07-27T01:44:35,demo-v1.1
C01770,returning,2024-02-04T12:17:33,demo-v1.1
C01771,returning,2025-02-09T06:47:59,demo-v1.1
C01772,new,2025-02-03T00:41:29,demo-v1.1
C01773,returning,2025-04-01T12:55:23,demo-v1.1
C01774,returning,2024-04-06T08:35:56,demo-v1.1
C01775,returning,2024-11-06T16:35:00,demo-v1.1
C01776,new,2024-02-18T00:43:52,demo-v1.1
C01777,returning,2025-11-25T20:09:27,demo-v1.1
C01778,returning,2024-08-04T10:44:34,demo-v1.1
C01779,returning,2024-06-03T07:15:02,demo-v1.1
C01780,new,2025-11-26T17:30:44,demo-v1.1
C01781,returning,2025-12-03T03:42:49,demo-v1.1
C01782,returning,2024-11-24T05:24:23,demo-v1.1
C01783,returning,2025-07-13T02:35:06,demo-v1.1
C01784,new,2024-01-14T14:35:09,demo-v1.1
C01785,returning,2024-08-11T01:28:05,demo-v1.1
C01786,returning,2025-03-26T03:54:35,demo-v1.1
C01787,returning,2024-01-21T03:18:17,demo-v1.1
C01788,new,2024-12-24T22:53:13,demo-v1.1
C01789,returning,2025-05-07T00:32:02,demo-v1.1
C01790,returning,2024-06-18T14:59:23,demo-v1.1
C01791,returning,2025-12-13T05:08:04,demo-v1.1
C01792,new,2024-02-27T23:07:53,demo-v1.1
C01793,returning,2024-01-11T07:17:53,demo-v1.1
C01794,returning,2024-12-10T04:53:05,demo-v1.1
C01795,returning,2024-10-04T07:57:09,demo-v1.1
C01796,new,2025-08-01T12:28:07,demo-v1.1
C01797,returning,2024-07-28T12:58:18,demo-v1.1
C01798,returning,2025-12-10T03:15:18,demo-v1.1
C01799,returning,2025-06-21T07:22:47,demo-v1.1
C01800,new,2025-04-05T22:10:23,demo-v1.1
C01801,returning,2025-01-06T12:49:33,demo-v1.1
C01802,returning,2025-12-29T20:03:00,demo-v1.1
C01803,returning,2025-12-24T07:40:27,demo-v1.1
C01804,new,2024-05-08T01:21:05,demo-v1.1
C01805,returning,2024-07-13T13:40:37,demo-v1.1
C01806,returning,2024-11-19T05:48:32,demo-v1.1
C01807,returning,2024-06-02T21:50:54,demo-v1.1
C01808,new,2024-03-26T02:37:31,demo-v1.1
C01809,returning,2024-07-22T14:09:02,demo-v1.1
C01810,returning,2024-01-12T22:09:56,demo-v1.1
C01811,returning,2024-11-21T04:25:02,demo-v1.1
C01812,new,2024-10-28T22:21:37,demo-v1.1
C01813,returning,2025-11-17T14:55:05,demo-v1.1
C01814,returning,2024-12-17T17:47:32,demo-v1.1
C01815,returning,2025-11-18T17:26:21,demo-v1.1
C01816,new,2025-12-28T18:23:00,demo-v1.1
C01817,returning,2024-07-18T14:53:59,demo-v1.1
C01818,returning,2025-09-16T15:42:24,demo-v1.1
C01819,returning,2024-11-08T16:16:29,demo-v1.1
C01820,new,2025-02-18T12:52:48,demo-v1.1
C01821,returning,2024-06-12T01:53:39,demo-v1.1
C01822,returning,2024-11-21T06:48:53,demo-v1.1
C01823,returning,2025-05-19T12:44:28,demo-v1.1
C01824,new,2024-12-10T13:59:28,demo-v1.1
C01825,returning,2025-01-15T06:50:50,demo-v1.1
C01826,returning,2024-10-04T03:37:06,demo-v1.1
C01827,returning,2024-11-05T00:36:29,demo-v1.1
C01828,new,2025-01-08T08:51:28,demo-v1.1
C01829,returning,2025-05-03T20:40:18,demo-v1.1
C01830,returning,2025-03-04T20:30:14,demo-v1.1
C01831,returning,2024-02-26T05:03:41,demo-v1.1
C01832,new,2025-03-28T13:15:09,demo-v1.1
C01833,returning,2025-02-14T10:39:14,demo-v1.1
C01834,returning,2025-08-12T18:39:04,demo-v1.1
C01835,returning,2025-12-05T06:33:26,demo-v1.1
C01836,new,2024-02-15T16:36:06,demo-v1.1
C01837,returning,2025-11-01T04:06:50,demo-v1.1
C01838,returning,2024-02-01T09:33:36,demo-v1.1
C01839,returning,2024-06-23T19:27:39,demo-v1.1
C01840,new,2025-08-02T09:02:04,demo-v1.1
C01841,returning,2025-06-23T05:18:35,demo-v1.1
C01842,returning,2024-01-02T23:26:28,demo-v1.1
C01843,returning,2025-11-20T18:27:12,demo-v1.1
C01844,new,2024-06-27T18:23:23,demo-v1.1
C01845,returning,2024-03-22T23:45:54,demo-v1.1
C01846,returning,2024-05-30T12:18:08,demo-v1.1
C01847,returning,2025-02-03T21:52:09,demo-v1.1
C01848,new,2025-03-13T20:11:44,demo-v1.1
C01849,returning,2024-08-17T06:18:56,demo-v1.1
C01850,returning,2025-05-24T02:13:31,demo-v1.1
C01851,returning,2025-05-15T22:43:54,demo-v1.1
C01852,new,2025-10-27T19:32:51,demo-v1.1
C01853,returning,2025-02-11T02:14:51,demo-v1.1
C01854,returning,2024-02-14T07:26:17,demo-v1.1
C01855,returning,2025-07-06T16:24:07,demo-v1.1
C01856,new,2024-05-17T10:16:01,demo-v1.1
C01857,returning,2024-04-26T04:32:24,demo-v1.1
C01858,returning,2024-08-16T23:30:38,demo-v1.1
C01859,returning,2024-12-25T16:00:47,demo-v1.1
C01860,new,2025-11-05T05:31:14,demo-v1.1
C01861,returning,2025-08-20T13:20:43,demo-v1.1
C01862,returning,2025-04-04T21:32:44,demo-v1.1
C01863,returning,2025-12-12T11:14:27,demo-v1.1
C01864,new,2025-01-10T15:16:57,demo-v1.1
C01865,returning,2024-08-31T13:59:57,demo-v1.1
C01866,returning,2025-05-01T10:27:49,demo-v1.1
C01867,returning,2024-09-11T08:45:48,demo-v1.1
C01868,new,2025-04-25T18:02:21,demo-v1.1
C01869,returning,2024-01-24T18:08:01,demo-v1.1
C01870,returning,2025-09-01T20:29:00,demo-v1.1
C01871,returning,2024-02-05T18:38:10,demo-v1.1
C01872,new,2024-03-02T03:27:56,demo-v1.1
C01873,returning,2024-12-17T18:21:49,demo-v1.1
C01874,returning,2024-05-04T04:23:04,demo-v1.1
C01875,returning,2025-02-18T19:27:24,demo-v1.1
C01876,new,2024-07-27T11:01:35,demo-v1.1
C01877,returning,2024-08-16T16:13:20,demo-v1.1
C01878,returning,2024-11-17T10:56:20,demo-v1.1
C01879,returning,2025-09-18T23:34:50,demo-v1.1
C01880,new,2025-03-16T14:45:03,demo-v1.1
C01881,returning,2025-08-10T11:20:15,demo-v1.1
C01882,returning,2025-03-08T03:11:05,demo-v1.1
C01883,returning,2025-03-14T19:07:21,demo-v1.1
C01884,new,2025-10-07T08:32:52,demo-v1.1
C01885,returning,2024-08-16T20:42:41,demo-v1.1
C01886,returning,2025-08-06T18:34:28,demo-v1.1
C01887,returning,2025-12-09T07:02:49,demo-v1.1
C01888,new,2024-10-26T15:23:17,demo-v1.1
C01889,returning,2024-01-29T23:43:34,demo-v1.1
C01890,returning,2024-09-21T02:38:15,demo-v1.1
C01891,returning,2025-04-19T23:02:41,demo-v1.1
C01892,new,2024-04-11T05:09:59,demo-v1.1
C01893,returning,2025-11-17T17:00:06,demo-v1.1
C01894,returning,2025-08-27T16:43:35,demo-v1.1
C01895,returning,2024-06-09T19:44:07,demo-v1.1
C01896,new,2025-01-07T15:36:40,demo-v1.1
C01897,returning,2024-07-21T22:12:32,demo-v1.1
C01898,returning,2024-08-31T00:13:45,demo-v1.1
C01899,returning,2024-09-08T03:10:51,demo-v1.1
C01900,new,2024-11-04T22:39:57,demo-v1.1
C01901,returning,2024-04-21T19:36:45,demo-v1.1
C01902,returning,2025-10-07T05:13:39,demo-v1.1
C01903,returning,2024-12-29T21:28:01,demo-v1.1
C01904,new,2024-04-13T07:03:59,demo-v1.1
C01905,returning,2024-01-01T14:01:09,demo-v1.1
C01906,returning,2025-06-21T02:49:20,demo-v1.1
C01907,returning,2025-04-29T10:51:23,demo-v1.1
C01908,new,2024-06-19T17:33:03,demo-v1.1
C01909,returning,2024-12-27T15:54:14,demo-v1.1
C01910,returning,2025-12-04T16:55:00,demo-v1.1
C01911,returning,2025-09-04T13:20:50,demo-v1.1
C01912,new,2024-12-15T13:07:53,demo-v1.1
C01913,returning,2025-03-22T17:52:39,demo-v1.1
C01914,returning,2024-07-06T05:19:04,demo-v1.1
C01915,returning,2025-06-04T10:50:22,demo-v1.1
C01916,new,2025-08-01T18:26:51,demo-v1.1
C01917,returning,2024-03-08T22:02:35,demo-v1.1
C01918,returning,2024-07-28T01:35:41,demo-v1.1
C01919,returning,2024-08-08T14:28:27,demo-v1.1
C01920,new,2025-03-25T21:00:27,demo-v1.1
C01921,returning,2025-01-17T23:44:10,demo-v1.1
C01922,returning,2025-01-27T00:39:02,demo-v1.1
C01923,returning,2025-11-07T20:56:48,demo-v1.1
C01924,new,2024-04-14T03:59:38,demo-v1.1
C01925,returning,2024-04-02T12:34:34,demo-v1.1
C01926,returning,2025-02-08T13:29:57,demo-v1.1
C01927,returning,2025-03-09T23:17:11,demo-v1.1
C01928,new,2025-03-28T20:10:00,demo-v1.1
C01929,returning,2025-12-08T12:24:41,demo-v1.1
C01930,returning,2024-10-10T04:53:45,demo-v1.1
C01931,returning,2024-11-24T19:26:07,demo-v1.1
C01932,new,2025-06-06T20:39:20,demo-v1.1
C01933,returning,2024-10-20T14:56:35,demo-v1.1
C01934,returning,2024-10-06T22:10:38,demo-v1.1
C01935,returning,2024-01-19T12:14:58,demo-v1.1
C01936,new,2025-10-25T15:32:20,demo-v1.1
C01937,returning,2024-01-30T20:19:10,demo-v1.1
C01938,returning,2024-10-17T18:40:33,demo-v1.1
C01939,returning,2025-10-01T07:41:53,demo-v1.1
C01940,new,2024-04-28T19:06:51,demo-v1.1
C01941,returning,2024-05-06T19:17:55,demo-v1.1
C01942,returning,2024-09-20T08:02:21,demo-v1.1
C01943,returning,2025-07-03T03:40:05,demo-v1.1
C01944,new,2024-06-09T23:27:06,demo-v1.1
C01945,returning,2025-01-30T08:40:03,demo-v1.1
C01946,returning,2025-12-20T03:48:28,demo-v1.1
C01947,returning,2025-01-06T22:54:12,demo-v1.1
C01948,new,2024-05-26T17:20:27,demo-v1.1
C01949,returning,2025-08-29T16:03:48,demo-v1.1
C01950,returning,2024-02-19T01:53:19,demo-v1.1
C01951,returning,2024-11-05T18:18:52,demo-v1.1
C01952,new,2025-05-05T19:51:23,demo-v1.1
C01953,returning,2024-04-30T19:08:09,demo-v1.1
C01954,returning,2024-10-07T07:49:30,demo-v1.1
C01955,returning,2024-01-24T23:40:14,demo-v1.1
C01956,new,2025-09-10T13:42:34,demo-v1.1
C01957,returning,2025-04-02T06:40:03,demo-v1.1
C01958,returning,2024-07-24T05:18:42,demo-v1.1
C01959,returning,2025-12-03T21:58:59,demo-v1.1
C01960,new,2024-10-08T12:42:27,demo-v1.1
C01961,returning,2024-01-12T21:34:22,demo-v1.1
C01962,returning,2025-06-30T13:57:03,demo-v1.1
C01963,returning,2024-06-05T07:21:26,demo-v1.1
C01964,new,2025-03-02T18:11:49,demo-v1.1
C01965,returning,2024-05-25T15:41:10,demo-v1.1
C01966,returning,2024-09-20T11:43:00,demo-v1.1
C01967,returning,2025-05-06T01:08:21,demo-v1.1
C01968,new,2025-03-23T20:27:17,demo-v1.1
C01969,returning,2024-08-15T17:32:36,demo-v1.1
C01970,returning,2024-08-03T02:06:28,demo-v1.1
C01971,returning,2024-11-29T07:23:45,demo-v1.1
C01972,new,2025-09-16T10:33:00,demo-v1.1
C01973,returning,2025-09-29T07:01:06,demo-v1.1
C01974,returning,2024-10-10T04:05:25,demo-v1.1
C01975,returning,2024-01-09T22:44:24,demo-v1.1
C01976,new,2025-11-17T07:27:29,demo-v1.1
C01977,returning,2025-01-21T19:07:07,demo-v1.1
C01978,returning,2024-07-10T05:20:42,demo-v1.1
C01979,returning,2025-07-11T07:10:13,demo-v1.1
C01980,new,2024-09-22T01:53:31,demo-v1.1
C01981,returning,2025-05-15T19:27:08,demo-v1.1
C01982,returning,2024-09-24T19:59:15,demo-v1.1
C01983,returning,2024-10-11T13:10:47,demo-v1.1
C01984,new,2025-03-19T07:29:50,demo-v1.1
C01985,returning,2025-06-06T23:29:19,demo-v1.1
C01986,returning,2025-06-01T00:13:57,demo-v1.1
C01987,returning,2024-07-30T20:41:59,demo-v1.1
C01988,new,2025-07-29T09:18:36,demo-v1.1
C01989,returning,2024-08-24T09:06:31,demo-v1.1
C01990,returning,2024-05-22T01:49:50,demo-v1.1
C01991,returning,2025-01-09T04:43:43,demo-v1.1
C01992,new,2025-06-28T19:59:22,demo-v1.1
C01993,returning,2025-01-13T23:10:24,demo-v1.1
C01994,returning,2025-12-12T08:49:42,demo-v1.1
C01995,returning,2025-08-26T23:47:23,demo-v1.1
C01996,new,2024-10-26T17:41:50,demo-v1.1
C01997,returning,2024-01-26T02:27:34,demo-v1.1
C01998,returning,2025-11-23T04:44:58,demo-v1.1
C01999,returning,2025-09-16T22:42:58,demo-v1.1
C02000,new,2025-03-26T03:01:21,demo-v1.1
